station_id,station_name,latitude,longitude,district,source_provider,timestamp,PM2.5,PM10,NO2,NOx,O3,CO,SO2,temperature,relative_humidity,wind_speed,wind_direction
2860223,GK1 (Oberoi Terrace),28.5500047,77.2431058,NaN,AirGradient,2026-09-28T00:00:00Z,41.0,NaN,NaN,NaN,NaN,NaN,NaN,24.8,65.0,NaN,NaN
2860223,GK1 (Oberoi Terrace),28.5500047,77.2431058,NaN,AirGradient,2026-09-28T01:00:00Z,38.7,NaN,NaN,NaN,NaN,NaN,NaN,25.4,64.0,NaN,NaN
2860223,GK1 (Oberoi Terrace),28.5500047,77.2431058,NaN,AirGradient,2026-09-28T02:00:00Z,43.6,NaN,NaN,NaN,NaN,NaN,NaN,26.2,62.0,NaN,NaN
2860223,GK1 (Oberoi Terrace),28.5500047,77.2431058,NaN,AirGradient,2026-09-28T03:00:00Z,38.7,NaN,NaN,NaN,NaN,NaN,NaN,26.2,62.0,NaN,NaN
2860223,GK1 (Oberoi Terrace),28.5500047,77.2431058,NaN,AirGradient,2026-09-28T04:00:00Z,45.5,NaN,NaN,NaN,NaN,NaN,NaN,27.1,59.0,NaN,NaN
2860223,GK1 (Oberoi Terrace),28.5500047,77.2431058,NaN,AirGradient,2026-09-28T05:00:00Z,47.9,NaN,NaN,NaN,NaN,NaN,NaN,28.7,55.0,NaN,NaN
2860223,GK1 (Oberoi Terrace),28.5500047,77.2431058,NaN,AirGradient,2026-09-28T06:00:00Z,51.3,NaN,NaN,NaN,NaN,NaN,NaN,27.9,58.0,NaN,NaN
2860223,GK1 (Oberoi Terrace),28.5500047,77.2431058,NaN,AirGradient,2026-09-28T07:00:00Z,54.4,NaN,NaN,NaN,NaN,NaN,NaN,28.5,57.0,NaN,NaN
2860223,GK1 (Oberoi Terrace),28.5500047,77.2431058,NaN,AirGradient,2026-09-28T08:00:00Z,37.7,NaN,NaN,NaN,NaN,NaN,NaN,29.8,54.0,NaN,NaN
2860223,GK1 (Oberoi Terrace),28.5500047,77.2431058,NaN,AirGradient,2026-09-28T09:00:00Z,19.1,NaN,NaN,NaN,NaN,NaN,NaN,30.2,53.0,NaN,NaN
2860223,GK1 (Oberoi Terrace),28.5500047,77.2431058,NaN,AirGradient,2026-09-28T10:00:00Z,24.0,NaN,NaN,NaN,NaN,NaN,NaN,27.5,58.0,NaN,NaN
2860223,GK1 (Oberoi Terrace),28.5500047,77.2431058,NaN,AirGradient,2026-09-28T11:00:00Z,25.7,NaN,NaN,NaN,NaN,NaN,NaN,25.9,62.0,NaN,NaN
2860223,GK1 (Oberoi Terrace),28.5500047,77.2431058,NaN,AirGradient,2026-09-28T12:00:00Z,30.3,NaN,NaN,NaN,NaN,NaN,NaN,26.0,62.0,NaN,NaN
2860223,GK1 (Oberoi Terrace),28.5500047,77.2431058,NaN,AirGradient,2026-09-28T13:00:00Z,33.8,NaN,NaN,NaN,NaN,NaN,NaN,25.4,62.0,NaN,NaN
2860223,GK1 (Oberoi Terrace),28.5500047,77.2431058,NaN,AirGradient,2026-09-28T14:00:00Z,37.4,NaN,NaN,NaN,NaN,NaN,NaN,25.0,62.0,NaN,NaN
2860223,GK1 (Oberoi Terrace),28.5500047,77.2431058,NaN,AirGradient,2026-09-28T15:00:00Z,38.2,NaN,NaN,NaN,NaN,NaN,NaN,25.1,63.0,NaN,NaN
2860223,GK1 (Oberoi Terrace),28.5500047,77.2431058,NaN,AirGradient,2026-09-28T16:00:00Z,35.7,NaN,NaN,NaN,NaN,NaN,NaN,25.0,62.0,NaN,NaN
2860223,GK1 (Oberoi Terrace),28.5500047,77.2431058,NaN,AirGradient,2026-09-28T17:00:00Z,42.0,NaN,NaN,NaN,NaN,NaN,NaN,24.7,63.0,NaN,NaN
2860223,GK1 (Oberoi Terrace),28.5500047,77.2431058,NaN,AirGradient,2026-09-28T18:00:00Z,42.9,NaN,NaN,NaN,NaN,NaN,NaN,24.4,64.0,NaN,NaN
2860223,GK1 (Oberoi Terrace),28.5500047,77.2431058,NaN,AirGradient,2026-09-28T19:00:00Z,46.4,NaN,NaN,NaN,NaN,NaN,NaN,24.0,65.0,NaN,NaN
2860223,GK1 (Oberoi Terrace),28.5500047,77.2431058,NaN,AirGradient,2026-09-28T20:00:00Z,48.3,NaN,NaN,NaN,NaN,NaN,NaN,23.8,66.0,NaN,NaN
2860223,GK1 (Oberoi Terrace),28.5500047,77.2431058,NaN,AirGradient,2026-09-28T21:00:00Z,53.0,NaN,NaN,NaN,NaN,NaN,NaN,23.5,68.0,NaN,NaN
2860223,GK1 (Oberoi Terrace),28.5500047,77.2431058,NaN,AirGradient,2026-09-28T22:00:00Z,56.3,NaN,NaN,NaN,NaN,NaN,NaN,23.5,69.0,NaN,NaN
2860223,GK1 (Oberoi Terrace),28.5500047,77.2431058,NaN,AirGradient,2026-09-28T23:00:00Z,79.4,NaN,NaN,NaN,NaN,NaN,NaN,23.3,69.0,NaN,NaN
2860223,GK1 (Oberoi Terrace),28.5500047,77.2431058,NaN,AirGradient,2026-09-29T00:00:00Z,92.9,NaN,NaN,NaN,NaN,NaN,NaN,23.2,70.0,NaN,NaN
2860223,GK1 (Oberoi Terrace),28.5500047,77.2431058,NaN,AirGradient,2026-09-29T01:00:00Z,63.1,NaN,NaN,NaN,NaN,NaN,NaN,23.9,68.0,NaN,NaN
2860223,GK1 (Oberoi Terrace),28.5500047,77.2431058,NaN,AirGradient,2026-09-29T02:00:00Z,50.2,NaN,NaN,NaN,NaN,NaN,NaN,25.6,63.0,NaN,NaN
2860223,GK1 (Oberoi Terrace),28.5500047,77.2431058,NaN,AirGradient,2026-09-29T03:00:00Z,51.6,NaN,NaN,NaN,NaN,NaN,NaN,27.7,58.0,NaN,NaN
2860223,GK1 (Oberoi Terrace),28.5500047,77.2431058,NaN,AirGradient,2026-09-29T04:00:00Z,48.9,NaN,NaN,NaN,NaN,NaN,NaN,30.7,51.0,NaN,NaN
2860223,GK1 (Oberoi Terrace),28.5500047,77.2431058,NaN,AirGradient,2026-09-29T05:00:00Z,45.8,NaN,NaN,NaN,NaN,NaN,NaN,32.0,47.0,NaN,NaN
2860223,GK1 (Oberoi Terrace),28.5500047,77.2431058,NaN,AirGradient,2026-09-29T06:00:00Z,41.0,NaN,NaN,NaN,NaN,NaN,NaN,32.4,45.0,NaN,NaN
2860223,GK1 (Oberoi Terrace),28.5500047,77.2431058,NaN,AirGradient,2026-09-29T07:00:00Z,40.7,NaN,NaN,NaN,NaN,NaN,NaN,33.0,44.0,NaN,NaN
2860223,GK1 (Oberoi Terrace),28.5500047,77.2431058,NaN,AirGradient,2026-09-29T08:00:00Z,36.4,NaN,NaN,NaN,NaN,NaN,NaN,34.3,42.0,NaN,NaN
2860223,GK1 (Oberoi Terrace),28.5500047,77.2431058,NaN,AirGradient,2026-09-29T09:00:00Z,33.7,NaN,NaN,NaN,NaN,NaN,NaN,35.4,40.0,NaN,NaN
2860223,GK1 (Oberoi Terrace),28.5500047,77.2431058,NaN,AirGradient,2026-09-29T10:00:00Z,34.2,NaN,NaN,NaN,NaN,NaN,NaN,35.5,39.0,NaN,NaN
2860223,GK1 (Oberoi Terrace),28.5500047,77.2431058,NaN,AirGradient,2026-09-29T11:00:00Z,36.7,NaN,NaN,NaN,NaN,NaN,NaN,34.1,42.0,NaN,NaN
2860223,GK1 (Oberoi Terrace),28.5500047,77.2431058,NaN,AirGradient,2026-09-29T12:00:00Z,39.6,NaN,NaN,NaN,NaN,NaN,NaN,31.9,46.0,NaN,NaN
2860223,GK1 (Oberoi Terrace),28.5500047,77.2431058,NaN,AirGradient,2026-09-29T13:00:00Z,45.3,NaN,NaN,NaN,NaN,NaN,NaN,30.5,50.0,NaN,NaN
2860223,GK1 (Oberoi Terrace),28.5500047,77.2431058,NaN,AirGradient,2026-09-29T14:00:00Z,51.7,NaN,NaN,NaN,NaN,NaN,NaN,29.5,53.0,NaN,NaN
2860223,GK1 (Oberoi Terrace),28.5500047,77.2431058,NaN,AirGradient,2026-09-29T15:00:00Z,56.0,NaN,NaN,NaN,NaN,NaN,NaN,28.6,56.0,NaN,NaN
2860223,GK1 (Oberoi Terrace),28.5500047,77.2431058,NaN,AirGradient,2026-09-29T16:00:00Z,64.5,NaN,NaN,NaN,NaN,NaN,NaN,28.1,57.0,NaN,NaN
2860223,GK1 (Oberoi Terrace),28.5500047,77.2431058,NaN,AirGradient,2026-09-29T17:00:00Z,68.7,NaN,NaN,NaN,NaN,NaN,NaN,27.6,58.0,NaN,NaN
2860223,GK1 (Oberoi Terrace),28.5500047,77.2431058,NaN,AirGradient,2026-09-29T18:00:00Z,59.1,NaN,NaN,NaN,NaN,NaN,NaN,27.2,59.0,NaN,NaN
2860223,GK1 (Oberoi Terrace),28.5500047,77.2431058,NaN,AirGradient,2026-09-29T19:00:00Z,63.2,NaN,NaN,NaN,NaN,NaN,NaN,26.9,60.0,NaN,NaN
2860223,GK1 (Oberoi Terrace),28.5500047,77.2431058,NaN,AirGradient,2026-09-29T20:00:00Z,58.5,NaN,NaN,NaN,NaN,NaN,NaN,26.5,61.0,NaN,NaN
2860223,GK1 (Oberoi Terrace),28.5500047,77.2431058,NaN,AirGradient,2026-09-29T21:00:00Z,64.7,NaN,NaN,NaN,NaN,NaN,NaN,26.1,62.0,NaN,NaN
2860223,GK1 (Oberoi Terrace),28.5500047,77.2431058,NaN,AirGradient,2026-09-29T22:00:00Z,82.4,NaN,NaN,NaN,NaN,NaN,NaN,25.8,63.0,NaN,NaN
2860223,GK1 (Oberoi Terrace),28.5500047,77.2431058,NaN,AirGradient,2026-09-29T23:00:00Z,81.6,NaN,NaN,NaN,NaN,NaN,NaN,25.4,65.0,NaN,NaN
2860223,GK1 (Oberoi Terrace),28.5500047,77.2431058,NaN,AirGradient,2026-09-30T00:00:00Z,73.1,NaN,NaN,NaN,NaN,NaN,NaN,25.1,65.0,NaN,NaN
2860223,GK1 (Oberoi Terrace),28.5500047,77.2431058,NaN,AirGradient,2026-09-30T01:00:00Z,74.7,NaN,NaN,NaN,NaN,NaN,NaN,25.4,65.0,NaN,NaN
2860223,GK1 (Oberoi Terrace),28.5500047,77.2431058,NaN,AirGradient,2026-09-30T02:00:00Z,68.8,NaN,NaN,NaN,NaN,NaN,NaN,27.2,60.0,NaN,NaN
2860223,GK1 (Oberoi Terrace),28.5500047,77.2431058,NaN,AirGradient,2026-09-30T03:00:00Z,NaN,NaN,NaN,NaN,NaN,NaN,NaN,NaN,NaN,NaN,NaN
2860223,GK1 (Oberoi Terrace),28.5500047,77.2431058,NaN,AirGradient,2026-09-30T04:00:00Z,NaN,NaN,NaN,NaN,NaN,NaN,NaN,NaN,NaN,NaN,NaN
2860223,GK1 (Oberoi Terrace),28.5500047,77.2431058,NaN,AirGradient,2026-09-30T05:00:00Z,NaN,NaN,NaN,NaN,NaN,NaN,NaN,NaN,NaN,NaN,NaN
2860223,GK1 (Oberoi Terrace),28.5500047,77.2431058,NaN,AirGradient,2026-09-30T06:00:00Z,NaN,NaN,NaN,NaN,NaN,NaN,NaN,NaN,NaN,NaN,NaN
2860223,GK1 (Oberoi Terrace),28.5500047,77.2431058,NaN,AirGradient,2026-09-30T07:00:00Z,NaN,NaN,NaN,NaN,NaN,NaN,NaN,NaN,NaN,NaN,NaN
2860223,GK1 (Oberoi Terrace),28.5500047,77.2431058,NaN,AirGradient,2026-09-30T08:00:00Z,NaN,NaN,NaN,NaN,NaN,NaN,NaN,NaN,NaN,NaN,NaN
2860223,GK1 (Oberoi Terrace),28.5500047,77.2431058,NaN,AirGradient,2026-09-30T09:00:00Z,NaN,NaN,NaN,NaN,NaN,NaN,NaN,NaN,NaN,NaN,NaN
2860223,GK1 (Oberoi Terrace),28.5500047,77.2431058,NaN,AirGradient,2026-09-30T10:00:00Z,NaN,NaN,NaN,NaN,NaN,NaN,NaN,NaN,NaN,NaN,NaN
2860223,GK1 (Oberoi Terrace),28.5500047,77.2431058,NaN,AirGradient,2026-09-30T11:00:00Z,NaN,NaN,NaN,NaN,NaN,NaN,NaN,NaN,NaN,NaN,NaN
2860223,GK1 (Oberoi Terrace),28.5500047,77.2431058,NaN,AirGradient,2026-09-30T12:00:00Z,NaN,NaN,NaN,NaN,NaN,NaN,NaN,NaN,NaN,NaN,NaN
2860223,GK1 (Oberoi Terrace),28.5500047,77.2431058,NaN,AirGradient,2026-09-30T13:00:00Z,NaN,NaN,NaN,NaN,NaN,NaN,NaN,NaN,NaN,NaN,NaN
2860223,GK1 (Oberoi Terrace),28.5500047,77.2431058,NaN,AirGradient,2026-09-30T14:00:00Z,NaN,NaN,NaN,NaN,NaN,NaN,NaN,NaN,NaN,NaN,NaN
2860223,GK1 (Oberoi Terrace),28.5500047,77.2431058,NaN,AirGradient,2026-09-30T15:00:00Z,NaN,NaN,NaN,NaN,NaN,NaN,NaN,NaN,NaN,NaN,NaN
2860223,GK1 (Oberoi Terrace),28.5500047,77.2431058,NaN,AirGradient,2026-09-30T16:00:00Z,NaN,NaN,NaN,NaN,NaN,NaN,NaN,NaN,NaN,NaN,NaN
2860223,GK1 (Oberoi Terrace),28.5500047,77.2431058,NaN,AirGradient,2026-09-30T17:00:00Z,NaN,NaN,NaN,NaN,NaN,NaN,NaN,NaN,NaN,NaN,NaN
2860223,GK1 (Oberoi Terrace),28.5500047,77.2431058,NaN,AirGradient,2026-09-30T18:00:00Z,NaN,NaN,NaN,NaN,NaN,NaN,NaN,NaN,NaN,NaN,NaN
2860223,GK1 (Oberoi Terrace),28.5500047,77.2431058,NaN,AirGradient,2026-09-30T19:00:00Z,NaN,NaN,NaN,NaN,NaN,NaN,NaN,NaN,NaN,NaN,NaN
2860223,GK1 (Oberoi Terrace),28.5500047,77.2431058,NaN,AirGradient,2026-09-30T20:00:00Z,NaN,NaN,NaN,NaN,NaN,NaN,NaN,NaN,NaN,NaN,NaN
2860223,GK1 (Oberoi Terrace),28.5500047,77.2431058,NaN,AirGradient,2026-09-30T21:00:00Z,NaN,NaN,NaN,NaN,NaN,NaN,NaN,NaN,NaN,NaN,NaN
2860223,GK1 (Oberoi Terrace),28.5500047,77.2431058,NaN,AirGradient,2026-09-30T22:00:00Z,NaN,NaN,NaN,NaN,NaN,NaN,NaN,NaN,NaN,NaN,NaN
2860223,GK1 (Oberoi Terrace),28.5500047,77.2431058,NaN,AirGradient,2026-09-30T23:00:00Z,NaN,NaN,NaN,NaN,NaN,NaN,NaN,NaN,NaN,NaN,NaN
