record_type,station_id,station_name,variable,missing_percentage,observation_count,expected_observations,date_coverage_start_utc,date_coverage_end_utc,duplicate_timestamps,invalid_values,insufficient_coverage
station_variable,2860223,GK1 (Oberoi Terrace),PM2.5,29.167,51,72,2026-09-28T00:00:00Z,2026-09-30T02:00:00Z,0,0,True
station_variable,2860223,GK1 (Oberoi Terrace),PM10,100.0,0,72,,,0,0,
station_variable,2860223,GK1 (Oberoi Terrace),NO2,100.0,0,72,,,0,0,
station_variable,2860223,GK1 (Oberoi Terrace),NOx,100.0,0,72,,,0,0,
station_variable,2860223,GK1 (Oberoi Terrace),O3,100.0,0,72,,,0,0,
station_variable,2860223,GK1 (Oberoi Terrace),CO,100.0,0,72,,,0,0,
station_variable,2860223,GK1 (Oberoi Terrace),SO2,100.0,0,72,,,0,0,
station_variable,2860223,GK1 (Oberoi Terrace),temperature,29.167,51,72,2026-09-28T00:00:00Z,2026-09-30T02:00:00Z,0,0,
station_variable,2860223,GK1 (Oberoi Terrace),relative_humidity,29.167,51,72,2026-09-28T00:00:00Z,2026-09-30T02:00:00Z,0,0,
station_variable,2860223,GK1 (Oberoi Terrace),wind_speed,100.0,0,72,,,0,0,
station_variable,2860223,GK1 (Oberoi Terrace),wind_direction,100.0,0,72,,,0,0,
station,2860223,GK1 (Oberoi Terrace),ALL,29.167,51,72,2026-09-28T00:00:00Z,2026-09-30T02:00:00Z,0,0,True
variable,,,PM2.5,29.167,51,72,2026-09-28T00:00:00Z,2026-09-30T02:00:00Z,0,0,
variable,,,PM10,100.0,0,72,,,0,0,
variable,,,NO2,100.0,0,72,,,0,0,
variable,,,NOx,100.0,0,72,,,0,0,
variable,,,O3,100.0,0,72,,,0,0,
variable,,,CO,100.0,0,72,,,0,0,
variable,,,SO2,100.0,0,72,,,0,0,
variable,,,temperature,29.167,51,72,2026-09-28T00:00:00Z,2026-09-30T02:00:00Z,0,0,
variable,,,relative_humidity,29.167,51,72,2026-09-28T00:00:00Z,2026-09-30T02:00:00Z,0,0,
variable,,,wind_speed,100.0,0,72,,,0,0,
variable,,,wind_direction,100.0,0,72,,,0,0,
