station_id,station_name,latitude,longitude,district,district_source,locality,provider,owner,sensor_lookup_status,is_monitor,is_mobile,instruments,timezone,datetime_first_utc,datetime_last_utc,selected_for_download,reference_priority
5635,"Adarsh Nagar, Jaipur - RSPCB",26.902909,75.836858,,,,CPCB,Rajasthan State Pollution Control Board,ok,True,False,"[{""id"": 2, ""name"": ""Government Monitor""}, {""id"": 2, ""name"": ""Government Monitor""}]",Asia/Kolkata,2018-03-09T06:00:00Z,2026-09-29T14:30:00Z,True,3
6932,"Alipur, Delhi - DPCC",28.815329,77.15301,,,,CPCB,Delhi Pollution Control Committee,ok,True,False,"[{""id"": 2, ""name"": ""Government Monitor""}, {""id"": 2, ""name"": ""Government Monitor""}]",Asia/Kolkata,2018-12-15T15:00:00Z,2026-09-29T14:30:00Z,True,3
3410004,"Amity University, Panchgaon - IITM",28.3153,76.9143,,,,N/A,OpenAQ admin,ok,True,False,"[{""id"": 2, ""name"": ""Government Monitor""}]",Asia/Kolkata,2025-02-18T20:15:00Z,2026-09-29T14:30:00Z,True,3
5509,"Anand Vihar, Delhi - DPCC",28.647622000000002,77.315809,,,,caaqm,Unknown Governmental Organization,ok,True,False,"[{""id"": 2, ""name"": ""Government Monitor""}]",Asia/Kolkata,2018-03-09T03:30:00Z,2022-10-31T00:30:00Z,False,3
10487,"Anand Vihar, Delhi - DPCC",28.646835,77.316032,,,,caaqm,Unknown Governmental Organization,ok,True,False,"[{""id"": 2, ""name"": ""Government Monitor""}]",Asia/Kolkata,2018-08-13T11:00:00Z,2021-09-20T07:45:00Z,False,3
8319,"Anand Vihar, Hapur - UPPCB",28.725645,77.749675,,,,CPCB,Uttar Pradesh Pollution Control Board,ok,True,False,"[{""id"": 2, ""name"": ""Government Monitor""}, {""id"": 2, ""name"": ""Government Monitor""}]",Asia/Kolkata,2018-10-23T11:00:00Z,2026-09-29T14:30:00Z,True,3
235,"Anand Vihar, New Delhi - DPCC",28.646835,77.316032,,,,CPCB,Delhi Pollution Control Committee,ok,True,False,"[{""id"": 2, ""name"": ""Government Monitor""}, {""id"": 2, ""name"": ""Government Monitor""}]",Asia/Kolkata,2016-02-05T14:15:00Z,2026-09-29T14:30:00Z,True,3
6936,"Arya Nagar, Bahadurgarh - HSPCB",28.6701,76.9254,,,,CPCB,Haryana State Pollution Control Board,ok,True,False,"[{""id"": 1, ""name"": ""N/A""}, {""id"": 2, ""name"": ""Government Monitor""}]",Asia/Kolkata,2019-02-13T00:15:00Z,2026-09-29T14:30:00Z,True,3
5762,"Ashok Vihar, Delhi - DPCC",28.6957202,77.1812947,,,,caaqm,Unknown Governmental Organization,ok,True,False,"[{""id"": 2, ""name"": ""Government Monitor""}]",Asia/Kolkata,2018-04-16T15:00:00Z,2018-05-12T06:00:00Z,False,3
8917,"Ashok Vihar, Delhi - DPCC",28.695381,77.181665,,,,CPCB,Delhi Pollution Control Committee,ok,True,False,"[{""id"": 2, ""name"": ""Government Monitor""}, {""id"": 2, ""name"": ""Government Monitor""}]",Asia/Kolkata,2018-12-15T15:00:00Z,2026-09-29T14:30:00Z,True,3
5570,"Aya Nagar, New Delhi - IMD",28.474261,77.131606,,,,CPCB,India Meteorological Department,ok,True,False,"[{""id"": 2, ""name"": ""Government Monitor""}, {""id"": 2, ""name"": ""Government Monitor""}]",Asia/Kolkata,2018-03-09T05:30:00Z,2026-09-29T14:30:00Z,True,3
8472,"Bawana, Delhi - DPCC",28.7762,77.051074,,,,CPCB,Delhi Pollution Control Committee,ok,True,False,"[{""id"": 2, ""name"": ""Government Monitor""}, {""id"": 2, ""name"": ""Government Monitor""}]",Asia/Kolkata,2018-08-10T06:15:00Z,2026-09-29T14:30:00Z,True,3
270771,"Buddhi Vihar, Moradabad - UPPCB",28.835259999999998,78.7446,,,,CPCB,Uttar Pradesh Pollution Control Board,ok,True,False,"[{""id"": 2, ""name"": ""Government Monitor""}, {""id"": 2, ""name"": ""Government Monitor""}]",Asia/Kolkata,2021-12-10T12:00:00Z,2026-09-29T14:30:00Z,True,3
5541,"Burari Crossing, New Delhi - IMD",28.7256504,77.2011573,,,,CPCB,India Meteorological Department,ok,True,False,"[{""id"": 2, ""name"": ""Government Monitor""}, {""id"": 2, ""name"": ""Government Monitor""}]",Asia/Kolkata,2018-03-09T06:00:00Z,2026-09-29T14:30:00Z,True,3
5627,"CRRI Mathura Road, New Delhi - IMD",28.5512005,77.2735737,,,,CPCB,India Meteorological Department,ok,True,False,"[{""id"": 2, ""name"": ""Government Monitor""}, {""id"": 2, ""name"": ""Government Monitor""}]",Asia/Kolkata,2018-03-09T05:30:00Z,2026-09-29T14:30:00Z,True,3
11603,"Chandni Chowk, Delhi - IITM",28.656756,77.227234,,,,CPCB,Indian Institute of Tropical Meteorology,ok,True,False,"[{""id"": 2, ""name"": ""Government Monitor""}, {""id"": 2, ""name"": ""Government Monitor""}]",Asia/Kolkata,2020-11-13T12:15:00Z,2026-09-29T14:30:00Z,True,3
10907,"City Center, Gwalior - MPPCB",26.203442,78.193251,,,,CPCB,Madhya Pradesh Pollution Control Board,ok,True,False,"[{""id"": 2, ""name"": ""Government Monitor""}, {""id"": 2, ""name"": ""Government Monitor""}]",Asia/Kolkata,2020-02-03T09:00:00Z,2026-09-29T14:30:00Z,True,3
5542,"Civil Line, Jalandhar - PPCB",31.321907,75.578914,,,,CPCB,Punjab Pollution Control Board,ok,True,False,"[{""id"": 2, ""name"": ""Government Monitor""}, {""id"": 2, ""name"": ""Government Monitor""}]",Asia/Kolkata,2018-03-09T04:00:00Z,2026-09-29T14:30:00Z,True,3
16,Civil Lines,28.6787,77.2262,,,,CPCB,Unknown Governmental Organization,ok,True,False,"[{""id"": 2, ""name"": ""Government Monitor""}]",Asia/Kolkata,,,False,3
10545,"Civil Lines, Ajmer - RSPCB",26.470859,74.646594,,,,CPCB,Rajasthan State Pollution Control Board,ok,True,False,"[{""id"": 2, ""name"": ""Government Monitor""}, {""id"": 2, ""name"": ""Government Monitor""}]",Asia/Kolkata,2018-04-16T03:15:00Z,2026-09-29T14:30:00Z,True,3
358467,"Civil Lines, Bareilly - UPPCB",28.359581,79.414455,,,,CPCB,Uttar Pradesh Pollution Control Board,ok,True,False,"[{""id"": 2, ""name"": ""Government Monitor""}, {""id"": 2, ""name"": ""Government Monitor""}]",Asia/Kolkata,2022-09-13T13:00:00Z,2026-09-29T05:30:00Z,True,3
5626,"DTU, New Delhi - CPCB",28.7500499,77.1112615,,,,CPCB,Central Pollution Control Board,ok,True,False,"[{""id"": 2, ""name"": ""Government Monitor""}, {""id"": 2, ""name"": ""Government Monitor""}]",Asia/Kolkata,2018-03-09T05:30:00Z,2026-09-29T14:30:00Z,True,3
3409374,"Deen Dayal Nagar, Gwalior - MPPCB",26.259241999999997,78.216432,,,,CPCB,Madhya Pradesh Pollution Control Board,ok,True,False,"[{""id"": 2, ""name"": ""Government Monitor""}]",Asia/Kolkata,2025-02-18T20:15:00Z,2026-09-29T14:30:00Z,True,3
13,"Delhi Technological University, Delhi - CPCB",28.744,77.12,,,,CPCB,Unknown Governmental Organization,ok,True,False,"[{""id"": 2, ""name"": ""Government Monitor""}]",Asia/Kolkata,2016-11-02T19:00:00Z,2018-02-22T04:00:00Z,False,3
234997,"Dharmapuri, Agra - UPPCB",27.169338,78.03582,,,,CPCB,Uttar Pradesh Pollution Control Board,ok,True,False,"[{""id"": 2, ""name"": ""Government Monitor""}, {""id"": 2, ""name"": ""Government Monitor""}]",Asia/Kolkata,2021-09-07T08:00:00Z,2026-09-29T14:30:00Z,True,3
317035,"Doon University, Dehradun - UKPCB",30.269444,78.044167,,,,CPCB,Uttarakhand Pollution Control Board,ok,True,False,"[{""id"": 2, ""name"": ""Government Monitor""}, {""id"": 2, ""name"": ""Government Monitor""}]",Asia/Kolkata,2022-04-22T13:00:00Z,2026-09-29T14:30:00Z,True,3
5744,"Dr. Karni Singh Shooting Range, Delhi - DPCC",28.4997315,77.2649067,,,,caaqm,Unknown Governmental Organization,ok,True,False,"[{""id"": 2, ""name"": ""Government Monitor""}]",Asia/Kolkata,2018-04-16T07:30:00Z,2018-05-12T04:45:00Z,False,3
6934,"Dr. Karni Singh Shooting Range, Delhi - DPCC",28.498571,77.26484,,,,CPCB,Delhi Pollution Control Committee,ok,True,False,"[{""id"": 2, ""name"": ""Government Monitor""}, {""id"": 2, ""name"": ""Government Monitor""}]",Asia/Kolkata,2018-08-10T06:30:00Z,2026-09-29T14:30:00Z,True,3
6931,"Dwarka-Sector 8, Delhi - DPCC",28.5710274,77.0719006,,,,CPCB,Delhi Pollution Control Committee,ok,True,False,"[{""id"": 2, ""name"": ""Government Monitor""}, {""id"": 2, ""name"": ""Government Monitor""}]",Asia/Kolkata,2018-08-10T06:15:00Z,2026-09-29T14:30:00Z,True,3
5760,"Dwarka-Sector 8, Delhi - DPCC ",28.5206826,76.8023871,,,,caaqm,Unknown Governmental Organization,ok,True,False,"[{""id"": 2, ""name"": ""Government Monitor""}]",Asia/Kolkata,2018-04-16T09:00:00Z,2018-05-12T05:00:00Z,False,3
7434,"East Arjun Nagar, Delhi - CPCB",28.655601699999995,77.2859318,,,,caaqm,Unknown Governmental Organization,ok,True,False,"[{""id"": 2, ""name"": ""Government Monitor""}]",Asia/Kolkata,2018-08-10T06:00:00Z,2020-02-10T03:00:00Z,False,3
8092,"East Arjun Nagar, Delhi - CPCB",28.655935,77.294904,,,,caaqm,Unknown Governmental Organization,ok,True,False,"[{""id"": 2, ""name"": ""Government Monitor""}]",Asia/Kolkata,2020-02-29T21:00:00Z,2022-01-26T07:00:00Z,False,3
270877,"Eco Herbal Park, Moradabad - UPPCB",28.840739000000003,78.69753100000001,,,,CPCB,Uttar Pradesh Pollution Control Board,ok,True,False,"[{""id"": 2, ""name"": ""Government Monitor""}, {""id"": 2, ""name"": ""Government Monitor""}]",Asia/Kolkata,2022-01-20T11:00:00Z,2026-09-29T14:30:00Z,True,3
270697,"Employment Office, Moradabad - UPPCB",28.885279999999998,78.7388,,,,CPCB,Uttar Pradesh Pollution Control Board,ok,True,False,"[{""id"": 2, ""name"": ""Government Monitor""}, {""id"": 2, ""name"": ""Government Monitor""}]",Asia/Kolkata,2021-11-10T12:00:00Z,2026-09-29T14:30:00Z,True,3
6952,"F-Block, Sirsa - HSPCB",29.5364,75.0158,,,,CPCB,Haryana State Pollution Control Board,ok,True,False,"[{""id"": 1, ""name"": ""N/A""}, {""id"": 2, ""name"": ""Government Monitor""}]",Asia/Kolkata,2019-02-13T01:00:00Z,2026-09-29T14:30:00Z,True,3
7833,"Ganga Nagar, Meerut - UPPCB",28.999264,77.7590354,,,,CPCB,Uttar Pradesh Pollution Control Board,ok,True,False,"[{""id"": 2, ""name"": ""Government Monitor""}, {""id"": 2, ""name"": ""Government Monitor""}]",Asia/Kolkata,2019-10-14T16:00:00Z,2026-09-29T14:30:00Z,True,3
6947,"General Hospital, Mandikhera - HSPCB",27.9002,76.9938,,,,CPCB,Haryana State Pollution Control Board,ok,True,False,"[{""id"": 1, ""name"": ""N/A""}, {""id"": 2, ""name"": ""Government Monitor""}]",Asia/Kolkata,2019-02-13T00:15:00Z,2026-09-29T14:30:00Z,True,3
6930,"Gobind Pura, Yamuna Nagar - HSPCB",30.1480566,77.2893471,,,,CPCB,Haryana State Pollution Control Board,ok,True,False,"[{""id"": 1, ""name"": ""N/A""}, {""id"": 2, ""name"": ""Government Monitor""}]",Asia/Kolkata,2019-02-13T02:00:00Z,2026-09-29T14:30:00Z,True,3
5551,"Golden Temple, Amritsar - PPCB",31.62,74.876512,,,,CPCB,Punjab Pollution Control Board,ok,True,False,"[{""id"": 2, ""name"": ""Government Monitor""}, {""id"": 2, ""name"": ""Government Monitor""}]",Asia/Kolkata,2018-03-09T06:00:00Z,2026-09-29T14:30:00Z,True,3
6944,"H.B. Colony, Bhiwani - HSPCB",28.806223,76.141105,,,,CPCB,Haryana State Pollution Control Board,ok,True,False,"[{""id"": 1, ""name"": ""N/A""}, {""id"": 2, ""name"": ""Government Monitor""}]",Asia/Kolkata,2019-02-13T00:15:00Z,2026-09-29T14:30:00Z,True,3
301389,"HIMUDA Complex Phase-1, Baddi - HPPCB",30.943887,76.801991,,,,CPCB,H.P. State Pollution Control Board,ok,True,False,"[{""id"": 2, ""name"": ""Government Monitor""}, {""id"": 2, ""name"": ""Government Monitor""}]",Asia/Kolkata,2022-03-24T20:45:00Z,2026-09-29T14:30:00Z,True,3
6939,"Hardev Nagar, Bathinda - PPCB",30.233011,74.907758,,,,CPCB,Punjab Pollution Control Board,ok,True,False,"[{""id"": 2, ""name"": ""Government Monitor""}, {""id"": 2, ""name"": ""Government Monitor""}]",Asia/Kolkata,2018-08-10T06:00:00Z,2026-09-29T14:30:00Z,True,3
3409420,"Housing Board, Hanumangarh - RSPCB",29.61075,74.283608,,,,CPCB,Rajasthan State Pollution Control Board,ok,True,False,"[{""id"": 2, ""name"": ""Government Monitor""}]",Asia/Kolkata,2025-02-18T20:15:00Z,2026-09-29T14:30:00Z,True,3
6969,"Huda Sector, Fatehabad - HSPCB",29.503664,75.467934,,,,CPCB,Haryana State Pollution Control Board,ok,True,False,"[{""id"": 1, ""name"": ""N/A""}, {""id"": 2, ""name"": ""Government Monitor""}]",Asia/Kolkata,2019-02-13T00:15:00Z,2026-09-29T14:30:00Z,True,3
15,IGI Airport,28.56,77.094,,,,CPCB,Unknown Governmental Organization,ok,True,False,"[{""id"": 2, ""name"": ""Government Monitor""}]",Asia/Kolkata,,,False,3
5650,"IGI Airport (T3), Delhi - IMD",28.5627763,77.1180053,,,,CPCB,India Meteorological Department,ok,True,False,"[{""id"": 2, ""name"": ""Government Monitor""}]",Asia/Kolkata,2025-02-18T20:16:00Z,2026-09-29T14:30:00Z,True,3
431,"IHBAS, Delhi - CPCB",28.6821,77.305,,,,CPCB,Unknown Governmental Organization,ok,True,False,"[{""id"": 2, ""name"": ""Government Monitor""}]",Asia/Kolkata,2016-04-10T18:30:00Z,2018-02-22T02:45:00Z,False,3
6359,"IHBAS, Dilshad Garden,New Delhi - CPCB",28.6811736,77.3025234,,,,CPCB,Central Pollution Control Board,ok,True,False,"[{""id"": 2, ""name"": ""Government Monitor""}, {""id"": 2, ""name"": ""Government Monitor""}]",Asia/Kolkata,2018-04-28T15:45:00Z,2026-09-29T14:30:00Z,True,3
10489,"ITO, Delhi - CPCB",28.628624,77.24106,,,,caaqm,Unknown Governmental Organization,ok,True,False,"[{""id"": 2, ""name"": ""Government Monitor""}]",Asia/Kolkata,2020-01-20T08:15:00Z,2022-10-31T01:45:00Z,False,3
5613,"ITO, New Delhi - CPCB",28.628624,77.24106,,,,CPCB,Central Pollution Control Board,ok,True,False,"[{""id"": 2, ""name"": ""Government Monitor""}, {""id"": 2, ""name"": ""Government Monitor""}]",Asia/Kolkata,2018-03-09T05:30:00Z,2026-09-29T14:30:00Z,True,3
103,"Income Tax Office, Delhi - CPCB",28.623499999999996,77.2494,,,,CPCB,Unknown Governmental Organization,ok,True,False,"[{""id"": 2, ""name"": ""Government Monitor""}]",Asia/Kolkata,2016-11-02T18:30:00Z,2018-02-22T03:45:00Z,False,3
6924,"Indirapuram, Ghaziabad - UPPCB",28.646233,77.358075,,,,CPCB,Uttar Pradesh Pollution Control Board,ok,True,False,"[{""id"": 2, ""name"": ""Government Monitor""}, {""id"": 2, ""name"": ""Government Monitor""}]",Asia/Kolkata,2019-04-27T12:00:00Z,2026-09-29T14:30:00Z,True,3
3409422,"Indra Nagar, Jhunjhunu - RSPCB",28.108988,75.386577,,,,CPCB,Rajasthan State Pollution Control Board,ok,True,False,"[{""id"": 2, ""name"": ""Government Monitor""}]",Asia/Kolkata,2025-02-18T20:15:00Z,2026-09-29T14:30:00Z,True,3
5761,"Jahangirpuri, Delhi - DPCC",28.7258373,77.1605631,,,,caaqm,Unknown Governmental Organization,ok,True,False,"[{""id"": 2, ""name"": ""Government Monitor""}]",Asia/Kolkata,2018-04-16T07:30:00Z,2018-05-12T06:30:00Z,False,3
8235,"Jahangirpuri, Delhi - DPCC",28.73282,77.170633,,,,CPCB,Delhi Pollution Control Committee,ok,True,False,"[{""id"": 2, ""name"": ""Government Monitor""}, {""id"": 2, ""name"": ""Government Monitor""}]",Asia/Kolkata,2018-08-10T07:00:00Z,2026-09-29T14:30:00Z,True,3
6976,"Jai Bhim Nagar, Meerut - UPPCB",28.9535882,77.7622941,,,,CPCB,Uttar Pradesh Pollution Control Board,ok,True,False,"[{""id"": 2, ""name"": ""Government Monitor""}, {""id"": 2, ""name"": ""Government Monitor""}]",Asia/Kolkata,2019-07-03T05:30:00Z,2026-09-29T14:30:00Z,True,3
5754,"Jawaharlal Nehru Stadium, Delhi - DPCC",28.5828503,77.2321778,,,,caaqm,Unknown Governmental Organization,ok,True,False,"[{""id"": 2, ""name"": ""Government Monitor""}]",Asia/Kolkata,2018-04-16T14:30:00Z,2018-05-12T06:30:00Z,False,3
6957,"Jawaharlal Nehru Stadium, Delhi - DPCC",28.58028,77.233829,,,,CPCB,Delhi Pollution Control Committee,ok,True,False,"[{""id"": 2, ""name"": ""Government Monitor""}, {""id"": 2, ""name"": ""Government Monitor""}]",Asia/Kolkata,2018-08-10T06:00:00Z,2026-09-29T14:30:00Z,True,3
270777,"Jigar Colony, Moradabad - UPPCB",28.856664000000002,78.772638,,,,CPCB,Uttar Pradesh Pollution Control Board,ok,True,False,"[{""id"": 2, ""name"": ""Government Monitor""}, {""id"": 2, ""name"": ""Government Monitor""}]",Asia/Kolkata,2021-12-18T08:00:00Z,2026-09-29T14:30:00Z,True,3
6940,"Kalal Majra, Khanna - PPCB",30.736056,76.209694,,,,CPCB,Punjab Pollution Control Board,ok,True,False,"[{""id"": 2, ""name"": ""Government Monitor""}, {""id"": 2, ""name"": ""Government Monitor""}]",Asia/Kolkata,2018-04-19T01:00:00Z,2026-09-29T14:30:00Z,True,3
346439,"Kalindi Kunj, Khurja - UPPCB",28.234892699999996,77.8683002,,,,CPCB,Uttar Pradesh Pollution Control Board,ok,True,False,"[{""id"": 2, ""name"": ""Government Monitor""}, {""id"": 2, ""name"": ""Government Monitor""}]",Asia/Kolkata,2022-06-02T12:00:00Z,2026-09-29T14:30:00Z,True,3
352777,"Kashiram Nagar, Moradabad - UPPCB",28.849399,78.742362,,,,CPCB,Uttar Pradesh Pollution Control Board,ok,True,False,"[{""id"": 2, ""name"": ""Government Monitor""}, {""id"": 2, ""name"": ""Government Monitor""}]",Asia/Kolkata,2022-06-20T09:00:00Z,2026-09-29T14:30:00Z,True,3
3409418,"Khatikan Mohalla, Dausa - RSPCB",26.895552000000002,76.334753,,,,CPCB,Rajasthan State Pollution Control Board,ok,True,False,"[{""id"": 2, ""name"": ""Government Monitor""}]",Asia/Kolkata,2025-02-18T20:15:00Z,2026-09-29T14:30:00Z,True,3
6978,"Knowledge Park - III, Greater Noida - UPPCB",28.47272,77.482,,,,CPCB,Uttar Pradesh Pollution Control Board,ok,True,False,"[{""id"": 2, ""name"": ""Government Monitor""}, {""id"": 2, ""name"": ""Government Monitor""}]",Asia/Kolkata,2018-08-10T06:00:00Z,2026-09-29T14:30:00Z,True,3
6986,"Knowledge Park - V, Greater Noida - UPPCB",28.557054,77.453663,,,,CPCB,Uttar Pradesh Pollution Control Board,ok,True,False,"[{""id"": 2, ""name"": ""Government Monitor""}, {""id"": 2, ""name"": ""Government Monitor""}]",Asia/Kolkata,2019-06-28T06:00:00Z,2026-09-29T14:30:00Z,True,3
3409402,"Krishna Nagar, Bharatpur - RSPCB",27.215415000000004,77.50873,,,,CPCB,Rajasthan State Pollution Control Board,ok,True,False,"[{""id"": 2, ""name"": ""Government Monitor""}]",Asia/Kolkata,2025-02-18T20:15:00Z,2026-09-29T14:30:00Z,True,3
5601,"Lajpat Nagar, Moradabad - UPPCB",28.825341,78.7213009,,,,caaqm,Unknown Governmental Organization,ok,True,False,"[{""id"": 2, ""name"": ""Government Monitor""}]",Asia/Kolkata,2018-03-09T05:30:00Z,2022-01-13T05:45:00Z,False,3
11607,"Lodhi Road, Delhi - IITM",28.588333,77.221667,,,,CPCB,Indian Institute of Tropical Meteorology,ok,True,False,"[{""id"": 2, ""name"": ""Government Monitor""}, {""id"": 2, ""name"": ""Government Monitor""}]",Asia/Kolkata,2020-11-13T12:00:00Z,2025-12-27T06:00:00Z,True,3
5634,"Lodhi Road, New Delhi - IMD",28.5918245,77.2273074,,,,CPCB,India Meteorological Department,ok,True,False,"[{""id"": 2, ""name"": ""Government Monitor""}, {""id"": 2, ""name"": ""Government Monitor""}]",Asia/Kolkata,2018-03-09T05:30:00Z,2026-09-29T14:30:00Z,True,3
7005,"Loni, Ghaziabad - UPPCB",28.757294,77.278792,,,,CPCB,Uttar Pradesh Pollution Control Board,ok,True,False,"[{""id"": 2, ""name"": ""Government Monitor""}, {""id"": 2, ""name"": ""Government Monitor""}]",Asia/Kolkata,2019-04-27T11:45:00Z,2026-09-29T14:30:00Z,True,3
346,"MD University, Rohtak - HSPCB",28.876028,76.619464,,,,CPCB,Unknown Governmental Organization,ok,True,False,"[{""id"": 2, ""name"": ""Government Monitor""}]",Asia/Kolkata,2016-03-22T00:30:00Z,2018-02-22T03:45:00Z,False,3
5552,"MD University, Rohtak - HSPCB",28.870083,76.6205,,,,caaqm,Unknown Governmental Organization,ok,True,False,"[{""id"": 2, ""name"": ""Government Monitor""}]",Asia/Kolkata,2018-03-09T06:00:00Z,2020-01-01T11:00:00Z,False,3
7283,"MD University, Rohtak - HSPCB",28.87793,76.620825,,,,CPCB,Haryana State Pollution Control Board,ok,True,False,"[{""id"": 1, ""name"": ""N/A""}, {""id"": 2, ""name"": ""Government Monitor""}]",Asia/Kolkata,2020-01-01T11:45:00Z,2026-09-29T13:30:00Z,True,3
3409369,"Maharaj Bada, Gwalior - MPPCB",26.200388,78.14771400000001,,,,CPCB,Madhya Pradesh Pollution Control Board,ok,True,False,"[{""id"": 2, ""name"": ""Government Monitor""}]",Asia/Kolkata,2025-02-18T20:15:00Z,2026-09-29T14:30:00Z,True,3
5755,"Major Dhyan Chand National Stadium, Delhi - DPCC",28.6125027,77.2351994,,,,caaqm,Unknown Governmental Organization,ok,True,False,"[{""id"": 2, ""name"": ""Government Monitor""}]",Asia/Kolkata,2018-04-26T23:00:00Z,2018-05-12T04:30:00Z,False,3
6929,"Major Dhyan Chand National Stadium, Delhi - DPCC",28.611281,77.237738,,,,CPCB,Delhi Pollution Control Committee,ok,True,False,"[{""id"": 2, ""name"": ""Government Monitor""}, {""id"": 2, ""name"": ""Government Monitor""}]",Asia/Kolkata,2018-08-10T07:00:00Z,2026-09-29T14:30:00Z,True,3
236,"Mandir Marg, Delhi - DPCC",28.6341,77.2005,,,,CPCB,Unknown Governmental Organization,ok,True,False,"[{""id"": 2, ""name"": ""Government Monitor""}]",Asia/Kolkata,2016-02-05T15:00:00Z,2018-02-21T21:15:00Z,False,3
5641,"Mandir Marg, New Delhi - DPCC",28.6372688,77.2005604,,,,caaqm,Unknown Governmental Organization,ok,True,False,"[{""id"": 2, ""name"": ""Government Monitor""}]",Asia/Kolkata,2018-03-09T03:30:00Z,2018-05-12T04:30:00Z,False,3
6358,"Mandir Marg, New Delhi - DPCC",28.636429,77.201067,,,,CPCB,Delhi Pollution Control Committee,ok,True,False,"[{""id"": 2, ""name"": ""Government Monitor""}, {""id"": 2, ""name"": ""Government Monitor""}]",Asia/Kolkata,2018-08-10T06:00:00Z,2026-09-29T14:30:00Z,True,3
227535,"Manoharpur, Agra - UPPCB",27.237109999999998,78.01935999999999,,,,CPCB,Uttar Pradesh Pollution Control Board,ok,True,False,"[{""id"": 2, ""name"": ""Government Monitor""}, {""id"": 2, ""name"": ""Government Monitor""}]",Asia/Kolkata,2021-06-04T18:00:00Z,2026-09-29T14:30:00Z,True,3
3409430,"Mansarovar Sector-12, Jaipur - RSPCB",26.843698,75.766894,,,,CPCB,Rajasthan State Pollution Control Board,ok,True,False,"[{""id"": 2, ""name"": ""Government Monitor""}]",Asia/Kolkata,2025-02-18T20:15:00Z,2026-09-29T14:30:00Z,True,3
10725,"Mini Secretariat, Charkhi Dadri - HSPCB",28.593883,76.270653,,,,CPCB,Haryana State Pollution Control Board,ok,True,False,"[{""id"": 2, ""name"": ""Government Monitor""}, {""id"": 2, ""name"": ""Government Monitor""}]",Asia/Kolkata,2020-04-23T08:00:00Z,2026-09-29T14:30:00Z,True,3
5544,"Model Town, Patiala - PPCB",30.349388,76.366642,,,,CPCB,Punjab Pollution Control Board,ok,True,False,"[{""id"": 2, ""name"": ""Government Monitor""}, {""id"": 2, ""name"": ""Government Monitor""}]",Asia/Kolkata,2018-03-09T05:30:00Z,2026-09-29T14:30:00Z,True,3
5576,"Moti Doongri, Alwar - RSPCB",27.554793,76.611536,,,,CPCB,Rajasthan State Pollution Control Board,ok,True,False,"[{""id"": 2, ""name"": ""Government Monitor""}, {""id"": 2, ""name"": ""Government Monitor""}]",Asia/Kolkata,2018-03-09T06:00:00Z,2026-09-29T14:30:00Z,True,3
10486,"Mundka, Delhi - DPCC",28.684678,77.076574,,,,CPCB,Delhi Pollution Control Committee,ok,True,False,"[{""id"": 2, ""name"": ""Government Monitor""}, {""id"": 2, ""name"": ""Government Monitor""}]",Asia/Kolkata,2018-12-15T15:00:00Z,2026-09-29T14:30:00Z,True,3
6949,"Municipal Corporation Office, Dharuhera -  HSPCB",28.2068,76.7997,,,,CPCB,Haryana State Pollution Control Board,ok,True,False,"[{""id"": 1, ""name"": ""N/A""}, {""id"": 2, ""name"": ""Government Monitor""}]",Asia/Kolkata,2019-02-13T00:15:00Z,2026-09-29T14:30:00Z,True,3
6951,"Murthal, Sonipat - HSPCB",29.0272,77.0621,,,,CPCB,Haryana State Pollution Control Board,ok,True,False,"[{""id"": 1, ""name"": ""N/A""}, {""id"": 2, ""name"": ""Government Monitor""}]",Asia/Kolkata,2019-02-13T00:15:00Z,2026-09-29T14:30:00Z,True,3
10906,"Murthal, Sonipat - HSPCB",29.027199999999997,77.0621,,,,caaqm,Unknown Governmental Organization,ok,True,False,"[{""id"": 2, ""name"": ""Government Monitor""}]",Asia/Kolkata,2020-01-02T08:00:00Z,2022-10-16T16:00:00Z,False,3
6314,"NISE Gwal Pahari, Gurugram - IMD",28.4228859,76.8496963,,,,caaqm,Unknown Governmental Organization,ok,True,False,"[{""id"": 2, ""name"": ""Government Monitor""}]",Asia/Kolkata,2018-11-15T02:00:00Z,2018-11-16T04:00:00Z,False,3
10921,"NISE Gwal Pahari, Gurugram - IMD",28.422681,77.148944,,,,CPCB,India Meteorological Department,ok,True,False,"[{""id"": 2, ""name"": ""Government Monitor""}, {""id"": 2, ""name"": ""Government Monitor""}]",Asia/Kolkata,2018-11-16T09:00:00Z,2026-09-29T14:30:00Z,True,3
5622,"NSIT Dwarka, Delhi - CPCB",28.60909,77.0325413,,,,CPCB,Central Pollution Control Board,ok,True,False,"[{""id"": 2, ""name"": ""Government Monitor""}, {""id"": 2, ""name"": ""Government Monitor""}]",Asia/Kolkata,2018-03-09T06:00:00Z,2026-09-29T14:30:00Z,True,3
229729,"Nagla Bhau, Firozabad - UPPCB",27.168896999999998,78.37696,,,,CPCB,Uttar Pradesh Pollution Control Board,ok,True,False,"[{""id"": 2, ""name"": ""Government Monitor""}, {""id"": 2, ""name"": ""Government Monitor""}]",Asia/Kolkata,2021-07-17T23:00:00Z,2026-09-29T14:30:00Z,True,3
10488,"Najafgarh, Delhi - DPCC",28.570173,76.933762,,,,CPCB,Delhi Pollution Control Committee,ok,True,False,"[{""id"": 2, ""name"": ""Government Monitor""}, {""id"": 2, ""name"": ""Government Monitor""}]",Asia/Kolkata,2018-12-15T15:00:00Z,2026-09-29T14:30:00Z,True,3
5763,"Narela, Delhi - DPCC",28.8446874,77.0332666,,,,caaqm,Unknown Governmental Organization,ok,True,False,"[{""id"": 2, ""name"": ""Government Monitor""}]",Asia/Kolkata,2018-04-16T09:00:00Z,2018-05-12T06:00:00Z,False,3
10485,"Narela, Delhi - DPCC",28.822836,77.101981,,,,CPCB,Delhi Pollution Control Committee,ok,True,False,"[{""id"": 2, ""name"": ""Government Monitor""}, {""id"": 2, ""name"": ""Government Monitor""}]",Asia/Kolkata,2018-08-10T05:45:00Z,2026-09-29T14:30:00Z,True,3
6972,"Nathu Colony, Ballabgarh - HSPCB",28.3419248,77.319699,,,,CPCB,Haryana State Pollution Control Board,ok,True,False,"[{""id"": 1, ""name"": ""N/A""}, {""id"": 2, ""name"": ""Government Monitor""}]",Asia/Kolkata,2019-02-13T00:15:00Z,2026-09-29T14:30:00Z,True,3
5766,"Nehru Nagar, Delhi - DPCC",28.5639543,77.2587868,,,,caaqm,Unknown Governmental Organization,ok,True,False,"[{""id"": 2, ""name"": ""Government Monitor""}]",Asia/Kolkata,2018-04-15T20:00:00Z,2018-05-13T10:00:00Z,False,3
8365,"Nehru Nagar, Delhi - DPCC",28.56789,77.250515,,,,CPCB,Delhi Pollution Control Committee,ok,True,False,"[{""id"": 2, ""name"": ""Government Monitor""}, {""id"": 2, ""name"": ""Government Monitor""}]",Asia/Kolkata,2018-08-10T06:00:00Z,2026-09-29T14:30:00Z,True,3
6979,"New Collectorate, Baghpat - UPPCB",28.974801000000003,77.21335699999999,,,,caaqm,Unknown Governmental Organization,ok,True,False,"[{""id"": 2, ""name"": ""Government Monitor""}]",Asia/Kolkata,2018-08-10T06:00:00Z,2022-01-31T04:45:00Z,False,3
8118,New Delhi,28.63576,77.22445,,,India,AirNow,Unknown Governmental Organization,ok,True,False,"[{""id"": 2, ""name"": ""Government Monitor""}]",Asia/Kolkata,2016-11-09T19:00:00Z,2026-09-24T10:30:00Z,True,3
10920,"New Industrial Town, Faridabad - HSPCB",28.39072,77.30059,,,,CPCB,Haryana State Pollution Control Board,ok,True,False,"[{""id"": 2, ""name"": ""Government Monitor""}]",Asia/Kolkata,2025-02-18T20:15:00Z,2026-09-28T18:00:00Z,True,3
6923,"New Mandi, Muzaffarnagar - UPPCB",29.4723508,77.7194031,,,,CPCB,Uttar Pradesh Pollution Control Board,ok,True,False,"[{""id"": 2, ""name"": ""Government Monitor""}, {""id"": 2, ""name"": ""Government Monitor""}]",Asia/Kolkata,2018-08-10T06:00:00Z,2026-09-29T14:30:00Z,True,3
5610,"North Campus, DU, Delhi - IMD",28.6573814,77.1585447,,,,CPCB,India Meteorological Department,ok,True,False,"[{""id"": 2, ""name"": ""Government Monitor""}, {""id"": 2, ""name"": ""Government Monitor""}]",Asia/Kolkata,2018-03-09T05:30:00Z,2026-09-29T13:30:00Z,True,3
5765,"Okhla Phase-2, Delhi - DPCC",28.5366411,77.2664587,,,,caaqm,Unknown Governmental Organization,ok,True,False,"[{""id"": 2, ""name"": ""Government Monitor""}]",Asia/Kolkata,2018-04-26T03:00:00Z,2018-05-13T10:00:00Z,False,3
8239,"Okhla Phase-2, Delhi - DPCC",28.530785,77.271255,,,,CPCB,Delhi Pollution Control Committee,ok,True,False,"[{""id"": 2, ""name"": ""Government Monitor""}, {""id"": 2, ""name"": ""Government Monitor""}]",Asia/Kolkata,2018-08-22T11:45:00Z,2026-09-29T14:30:00Z,True,3
233414,"Omex Eternity, Vrindavan - UPPCB",27.571409000000003,77.655757,,,,CPCB,Uttar Pradesh Pollution Control Board,ok,True,False,"[{""id"": 2, ""name"": ""Government Monitor""}, {""id"": 2, ""name"": ""Government Monitor""}]",Asia/Kolkata,2021-08-25T17:00:00Z,2026-09-29T14:30:00Z,True,3
7720,"Pallavpuram Phase 2, Meerut - UPPCB",29.06351,77.709723,,,,CPCB,Uttar Pradesh Pollution Control Board,ok,True,False,"[{""id"": 2, ""name"": ""Government Monitor""}, {""id"": 2, ""name"": ""Government Monitor""}]",Asia/Kolkata,2019-10-14T16:00:00Z,2026-09-29T14:30:00Z,True,3
5742,"Patparganj, Delhi - DPCC",28.6310495,77.2846218,,,,caaqm,Unknown Governmental Organization,ok,True,False,"[{""id"": 2, ""name"": ""Government Monitor""}]",Asia/Kolkata,2018-04-16T07:30:00Z,2018-05-13T11:30:00Z,False,3
6960,"Patparganj, Delhi - DPCC",28.623748,77.287205,,,,CPCB,Delhi Pollution Control Committee,ok,True,False,"[{""id"": 2, ""name"": ""Government Monitor""}, {""id"": 2, ""name"": ""Government Monitor""}]",Asia/Kolkata,2018-08-10T06:00:00Z,2026-09-29T14:30:00Z,True,3
6964,"Patti Mehar, Ambala - HSPCB",30.379589,76.778328,,,,CPCB,Haryana State Pollution Control Board,ok,True,False,"[{""id"": 1, ""name"": ""N/A""}, {""id"": 2, ""name"": ""Government Monitor""}]",Asia/Kolkata,2019-02-13T00:15:00Z,2026-09-29T14:30:00Z,True,3
10912,"Phool Bagh, Gwalior - Mondelez Ind. Food",26.210536,78.171,,,,CPCB,Mondelez India Foods,ok,True,False,"[{""id"": 2, ""name"": ""Government Monitor""}, {""id"": 2, ""name"": ""Government Monitor""}]",Asia/Kolkata,2020-02-03T08:00:00Z,2025-02-20T04:45:00Z,True,3
5633,"Police Commissionerate, Jaipur - RSPCB",26.9164092,75.7994901,,,,CPCB,Rajasthan State Pollution Control Board,ok,True,False,"[{""id"": 2, ""name"": ""Government Monitor""}, {""id"": 2, ""name"": ""Government Monitor""}]",Asia/Kolkata,2018-03-09T05:30:00Z,2026-09-29T14:30:00Z,True,3
6963,"Police Lines, Jind - HSPCB",29.307814,76.337619,,,,CPCB,Haryana State Pollution Control Board,ok,True,False,"[{""id"": 1, ""name"": ""N/A""}, {""id"": 2, ""name"": ""Government Monitor""}]",Asia/Kolkata,2019-02-13T00:15:00Z,2026-09-29T14:30:00Z,True,3
5569,"Punjab Agricultural University, Ludhiana - PPCB",30.9028,75.8086,,,,CPCB,Punjab Pollution Control Board,ok,True,False,"[{""id"": 2, ""name"": ""Government Monitor""}, {""id"": 2, ""name"": ""Government Monitor""}]",Asia/Kolkata,2018-03-09T06:00:00Z,2026-09-29T14:30:00Z,True,3
50,"Punjabi Bagh, Delhi - DPCC",28.674045,77.131023,,,,CPCB,Delhi Pollution Control Committee,ok,True,False,"[{""id"": 2, ""name"": ""Government Monitor""}, {""id"": 2, ""name"": ""Government Monitor""}]",Asia/Kolkata,2016-02-05T14:55:00Z,2026-09-29T14:30:00Z,True,3
5540,"Punjabi Bagh, Delhi - DPCC",28.6670856,77.1301247,,,,caaqm,Unknown Governmental Organization,ok,True,False,"[{""id"": 2, ""name"": ""Government Monitor""}]",Asia/Kolkata,2018-03-09T03:30:00Z,2018-05-13T11:30:00Z,False,3
6357,"Punjabi Bagh, Delhi - DPCC",28.674045000000003,77.13102300000001,,,,caaqm,Unknown Governmental Organization,ok,True,False,"[{""id"": 2, ""name"": ""Government Monitor""}]",Asia/Kolkata,2018-08-10T06:00:00Z,2022-10-16T14:15:00Z,False,3
6356,"Pusa, Delhi - DPCC",28.639645,77.146262,,,,CPCB,Delhi Pollution Control Committee,ok,True,False,"[{""id"": 2, ""name"": ""Government Monitor""}]",Asia/Kolkata,2025-02-18T20:15:00Z,2026-09-29T14:30:00Z,True,3
5404,"Pusa, Delhi - IMD",28.639645,77.146263,,,,CPCB,India Meteorological Department,ok,True,False,"[{""id"": 2, ""name"": ""Government Monitor""}, {""id"": 2, ""name"": ""Government Monitor""}]",Asia/Kolkata,2017-09-15T06:00:00Z,2026-09-29T14:30:00Z,True,3
5581,"Pusa, New Delhi - IMD",28.610304,77.0996943,,,,caaqm,Unknown Governmental Organization,ok,True,False,"[{""id"": 2, ""name"": ""Government Monitor""}]",Asia/Kolkata,2018-03-09T06:00:00Z,2018-05-14T02:00:00Z,False,3
17,"R K Puram, Delhi - DPCC",28.563262,77.186937,,,,CPCB,Delhi Pollution Control Committee,ok,True,False,"[{""id"": 2, ""name"": ""Government Monitor""}, {""id"": 2, ""name"": ""Government Monitor""}]",Asia/Kolkata,2016-02-05T14:55:00Z,2026-09-29T14:30:00Z,True,3
7044,"R K Puram, Delhi - DPCC",28.563262000000005,77.186937,,,,caaqm,Unknown Governmental Organization,ok,True,False,"[{""id"": 2, ""name"": ""Government Monitor""}]",Asia/Kolkata,2018-08-10T06:00:00Z,2022-10-31T00:45:00Z,False,3
5639,"R K Puram, New Delhi - DPCC",28.5646102,77.1670103,,,,caaqm,Unknown Governmental Organization,ok,True,False,"[{""id"": 2, ""name"": ""Government Monitor""}]",Asia/Kolkata,2018-03-09T03:30:00Z,2018-05-12T04:45:00Z,False,3
5588,"RIICO Ind. Area III, Bhiwadi - RSPCB",28.194909,76.862296,,,,CPCB,Rajasthan State Pollution Control Board,ok,True,False,"[{""id"": 2, ""name"": ""Government Monitor""}]",Asia/Kolkata,2025-02-18T20:15:00Z,2026-09-29T14:30:00Z,True,3
3409433,"RIICO Sitapura, Jaipur - RSPCB",26.786682,75.827928,,,,CPCB,Rajasthan State Pollution Control Board,ok,True,False,"[{""id"": 2, ""name"": ""Government Monitor""}]",Asia/Kolkata,2025-02-18T20:15:00Z,2026-09-29T14:30:00Z,True,3
5625,"RIMT University, Mandi Gobindgarh - PPCB",30.649961,76.331442,,,,CPCB,Punjab Pollution Control Board,ok,True,False,"[{""id"": 2, ""name"": ""Government Monitor""}, {""id"": 2, ""name"": ""Government Monitor""}]",Asia/Kolkata,2018-03-09T06:00:00Z,2026-09-29T14:30:00Z,True,3
3409427,"Radhakishan Pura, Sikar - RSPCB",27.608912,75.153302,,,,CPCB,Rajasthan State Pollution Control Board,ok,True,False,"[{""id"": 2, ""name"": ""Government Monitor""}]",Asia/Kolkata,2025-02-18T20:15:00Z,2026-09-29T14:30:00Z,True,3
3409405,"Raja Ganj, Dholpur - RSPCB",26.699557000000002,77.898881,,,,CPCB,Rajasthan State Pollution Control Board,ok,True,False,"[{""id"": 2, ""name"": ""Government Monitor""}]",Asia/Kolkata,2025-02-18T20:15:00Z,2026-09-29T14:30:00Z,True,3
346438,"Rajendra Nagar, Bareilly - UPPCB",28.38910936,79.42963708,,,,CPCB,Uttar Pradesh Pollution Control Board,ok,True,False,"[{""id"": 2, ""name"": ""Government Monitor""}, {""id"": 2, ""name"": ""Government Monitor""}]",Asia/Kolkata,2022-06-02T12:00:00Z,2026-09-29T14:30:00Z,True,3
6442,"Ratanpura, Rupnagar - Ambuja Cements",31.0325454,76.5623046,,,,CPCB,Ambuja Cement,ok,True,False,"[{""id"": 1, ""name"": ""N/A""}, {""id"": 2, ""name"": ""Government Monitor""}]",Asia/Kolkata,2018-05-02T04:45:00Z,2026-09-29T14:30:00Z,True,3
10695,"Ratanpura, Rupnagar - Ambuja Cements",30.032545399999997,76.5623046,,,,caaqm,Unknown Governmental Organization,ok,True,False,"[{""id"": 2, ""name"": ""Government Monitor""}]",Asia/Kolkata,2020-01-30T10:00:00Z,2021-11-23T11:45:00Z,False,3
6971,"Rishi Nagar, Kaithal - HSPCB",29.8006,76.4155,,,,CPCB,Haryana State Pollution Control Board,ok,True,False,"[{""id"": 1, ""name"": ""N/A""}, {""id"": 2, ""name"": ""Government Monitor""}]",Asia/Kolkata,2019-04-27T11:30:00Z,2026-09-29T14:30:00Z,True,3
10905,"Rishi Nagar, Kaithal - HSPCB",29.8006,76.4155,,,,caaqm,Unknown Governmental Organization,ok,True,False,"[{""id"": 2, ""name"": ""Government Monitor""}]",Asia/Kolkata,2019-08-07T07:00:00Z,2022-10-31T02:00:00Z,False,3
5743,"Rohini, Delhi - DPCC",28.7407056,77.0577492,,,,caaqm,Unknown Governmental Organization,ok,True,False,"[{""id"": 2, ""name"": ""Government Monitor""}]",Asia/Kolkata,2018-04-26T02:45:00Z,2018-05-12T06:30:00Z,False,3
10831,"Rohini, Delhi - DPCC",28.732528,77.11992,,,,CPCB,Delhi Pollution Control Committee,ok,True,False,"[{""id"": 2, ""name"": ""Government Monitor""}, {""id"": 2, ""name"": ""Government Monitor""}]",Asia/Kolkata,2018-08-10T06:00:00Z,2026-09-29T14:30:00Z,True,3
278159,"Rohta, Agra - UPPCB",27.106972,78.000111,,,,CPCB,Uttar Pradesh Pollution Control Board,ok,True,False,"[{""id"": 2, ""name"": ""Government Monitor""}, {""id"": 2, ""name"": ""Government Monitor""}]",Asia/Kolkata,2022-01-28T05:00:00Z,2026-09-29T14:30:00Z,True,3
3409421,"Sahu Nagar, Sawai Madhopur - RSPCB",26.031443,76.35932700000001,,,,CPCB,Rajasthan State Pollution Control Board,ok,True,False,"[{""id"": 2, ""name"": ""Government Monitor""}]",Asia/Kolkata,2025-02-18T20:15:00Z,2026-09-29T14:30:00Z,True,3
10919,"Sanjay Nagar, Ghaziabad - UPPCB",28.685382,77.453839,,,,CPCB,Uttar Pradesh Pollution Control Board,ok,True,False,"[{""id"": 2, ""name"": ""Government Monitor""}, {""id"": 2, ""name"": ""Government Monitor""}]",Asia/Kolkata,2019-04-27T12:00:00Z,2026-09-29T14:30:00Z,True,3
860,"Sanjay Palace, Agra - UPPCB",27.19865833,78.00598056,,,,CPCB,Uttar Pradesh Pollution Control Board,ok,True,False,"[{""id"": 2, ""name"": ""Government Monitor""}, {""id"": 2, ""name"": ""Government Monitor""}]",Asia/Kolkata,2016-03-22T01:00:00Z,2026-09-29T14:30:00Z,True,3
301388,"Sardar Patel Inter College, Baghpat - UPPCB",28.964949,77.278761,,,,CPCB,Uttar Pradesh Pollution Control Board,ok,True,False,"[{""id"": 2, ""name"": ""Government Monitor""}, {""id"": 2, ""name"": ""Government Monitor""}]",Asia/Kolkata,2022-03-24T21:00:00Z,2026-09-29T14:30:00Z,True,3
3409428,"Satyawati Vihar, Karauli - RSPCB",26.506177,77.025989,,,,CPCB,Rajasthan State Pollution Control Board,ok,True,False,"[{""id"": 2, ""name"": ""Government Monitor""}]",Asia/Kolkata,2025-02-18T20:15:00Z,2026-09-29T14:30:00Z,True,3
5598,"Sector - 125, Noida, UP - UPPCB",28.5447608,77.3231257,,,,CPCB,Uttar Pradesh Pollution Control Board,ok,True,False,"[{""id"": 2, ""name"": ""Government Monitor""}]",Asia/Kolkata,2025-02-18T20:15:00Z,2026-09-29T14:30:00Z,True,3
5616,"Sector - 62, Noida, UP - IMD",28.6245479,77.3577104,,,,CPCB,India Meteorological Department,ok,True,False,"[{""id"": 2, ""name"": ""Government Monitor""}]",Asia/Kolkata,2025-02-18T20:13:00Z,2026-09-29T14:30:00Z,True,3
10908,"Sector 11, Faridabad - HSPCB",28.376058,77.315741,,,,CPCB,Haryana State Pollution Control Board,ok,True,False,"[{""id"": 2, ""name"": ""Government Monitor""}, {""id"": 2, ""name"": ""Government Monitor""}]",Asia/Kolkata,2020-03-11T08:30:00Z,2026-09-28T05:45:00Z,True,3
233415,"Sector 22, Chandigarh - CPCC",30.735567,76.77571400000001,,,,CPCB,Chandigarh Pollution Control Committee,ok,True,False,"[{""id"": 2, ""name"": ""Government Monitor""}, {""id"": 2, ""name"": ""Government Monitor""}]",Asia/Kolkata,2021-08-25T16:30:00Z,2026-09-29T14:30:00Z,True,3
10820,"Sector 30, Faridabad - HSPCB",28.4417,77.3217,,,,CPCB,Haryana State Pollution Control Board,ok,True,False,"[{""id"": 2, ""name"": ""Government Monitor""}]",Asia/Kolkata,2025-02-18T20:15:00Z,2026-09-29T14:30:00Z,True,3
5617,"Sector- 16A, Faridabad - HSPCB",28.4088421,77.3099081,,,,caaqm,Unknown Governmental Organization,ok,True,False,"[{""id"": 2, ""name"": ""Government Monitor""}]",Asia/Kolkata,2018-03-09T06:00:00Z,2022-10-31T02:00:00Z,False,3
6980,"Sector-1, Noida - UPPCB",28.589247,77.321962,,,,CPCB,Uttar Pradesh Pollution Control Board,ok,True,False,"[{""id"": 2, ""name"": ""Government Monitor""}, {""id"": 2, ""name"": ""Government Monitor""}]",Asia/Kolkata,2019-06-28T05:45:00Z,2026-09-29T14:30:00Z,True,3
6988,"Sector-116, Noida - UPPCB",28.56923,77.393848,,,,CPCB,Uttar Pradesh Pollution Control Board,ok,True,False,"[{""id"": 2, ""name"": ""Government Monitor""}]",Asia/Kolkata,2025-02-18T20:15:00Z,2026-09-29T14:30:00Z,True,3
10910,"Sector-12, Karnal - HSPCB",29.6953,77.0027,,,,CPCB,Haryana State Pollution Control Board,ok,True,False,"[{""id"": 1, ""name"": ""N/A""}, {""id"": 2, ""name"": ""Government Monitor""}]",Asia/Kolkata,2019-02-13T00:15:00Z,2026-09-29T14:30:00Z,True,3
6958,"Sector-18, Panipat - HSPCB",29.435587,76.975531,,,,CPCB,Haryana State Pollution Control Board,ok,True,False,"[{""id"": 1, ""name"": ""N/A""}, {""id"": 2, ""name"": ""Government Monitor""}]",Asia/Kolkata,2019-02-13T00:15:00Z,2026-09-29T14:30:00Z,True,3
6953,"Sector-2 IMT, Manesar - HSPCB",28.360699,76.93609,,,,CPCB,Haryana State Pollution Control Board,ok,True,False,"[{""id"": 1, ""name"": ""N/A""}, {""id"": 2, ""name"": ""Government Monitor""}]",Asia/Kolkata,2019-01-02T22:00:00Z,2026-09-29T14:30:00Z,True,3
3409432,"Sector-2 Murlipura, Jaipur - RSPCB",26.960669,75.771817,,,,CPCB,Rajasthan State Pollution Control Board,ok,True,False,"[{""id"": 2, ""name"": ""Government Monitor""}]",Asia/Kolkata,2025-02-18T20:15:00Z,2026-09-29T14:30:00Z,True,3
10914,"Sector-25, Chandigarh - CPCC",30.751462,76.762879,,,,CPCB,Chandigarh Pollution Control Committee,ok,True,False,"[{""id"": 2, ""name"": ""Government Monitor""}]",Asia/Kolkata,2025-02-18T20:15:00Z,2026-09-29T14:30:00Z,True,3
227931,"Sector-3B Avas Vikas Colony, Agra - UPPCB",27.19412,77.96236999999999,,,,CPCB,Uttar Pradesh Pollution Control Board,ok,True,False,"[{""id"": 2, ""name"": ""Government Monitor""}, {""id"": 2, ""name"": ""Government Monitor""}]",Asia/Kolkata,2021-06-12T16:00:00Z,2026-09-29T14:30:00Z,True,3
10825,"Sector-51, Gurugram - HSPCB",28.4227,77.0667,,,,CPCB,Haryana State Pollution Control Board,ok,True,False,"[{""id"": 2, ""name"": ""Government Monitor""}, {""id"": 2, ""name"": ""Government Monitor""}]",Asia/Kolkata,2020-03-11T09:00:00Z,2026-09-29T14:30:00Z,True,3
278418,"Sector-53, Chandigarh - CPCC",30.719859000000003,76.738637,,,,CPCB,Chandigarh Pollution Control Committee,ok,True,False,"[{""id"": 2, ""name"": ""Government Monitor""}, {""id"": 2, ""name"": ""Government Monitor""}]",Asia/Kolkata,2022-01-31T07:30:00Z,2026-09-28T05:30:00Z,True,3
2583,"Sector-6, Panchkula - HSPCB",30.7057778,76.8531805555555,,,,CPCB,Haryana State Pollution Control Board,ok,True,False,"[{""id"": 1, ""name"": ""N/A""}, {""id"": 2, ""name"": ""Government Monitor""}]",Asia/Kolkata,2016-03-21T18:30:00Z,2026-09-29T14:30:00Z,True,3
7282,"Sector-7, Kurukshetra - HSPCB",29.966942,76.875879,,,,CPCB,Haryana State Pollution Control Board,ok,True,False,"[{""id"": 1, ""name"": ""N/A""}, {""id"": 2, ""name"": ""Government Monitor""}]",Asia/Kolkata,2019-02-13T00:15:00Z,2026-09-29T14:30:00Z,True,3
2587,"Sector16A, Faridabad - HSPCB",28.410122219999998,77.313775,,,,CPCB,Unknown Governmental Organization,ok,True,False,"[{""id"": 2, ""name"": ""Government Monitor""}]",Asia/Kolkata,2016-03-22T00:45:00Z,2018-02-22T03:25:00Z,False,3
2503,"Shadipur, Delhi - CPCB",28.651699999999998,77.1581,,,,CPCB,Unknown Governmental Organization,ok,True,False,"[{""id"": 2, ""name"": ""Government Monitor""}]",Asia/Kolkata,2016-03-21T23:30:00Z,2018-02-22T02:45:00Z,False,3
5630,"Shadipur, Delhi - CPCB",28.6514781,77.1473105,,,,CPCB,Central Pollution Control Board,ok,True,False,"[{""id"": 2, ""name"": ""Government Monitor""}, {""id"": 2, ""name"": ""Government Monitor""}]",Asia/Kolkata,2018-03-09T06:00:00Z,2026-09-29T14:30:00Z,True,3
5612,"Shastri Nagar, Jaipur - RSPCB",26.9502929,75.730943,,,,CPCB,Rajasthan State Pollution Control Board,ok,True,False,"[{""id"": 2, ""name"": ""Government Monitor""}, {""id"": 2, ""name"": ""Government Monitor""}]",Asia/Kolkata,2018-03-09T05:30:00Z,2026-09-29T14:30:00Z,True,3
6970,"Shastri Nagar, Narnaul - HSPCB",28.060249,76.113115,,,,CPCB,Haryana State Pollution Control Board,ok,True,False,"[{""id"": 1, ""name"": ""N/A""}, {""id"": 2, ""name"": ""Government Monitor""}]",Asia/Kolkata,2019-02-13T01:00:00Z,2026-09-29T14:30:00Z,True,3
3409407,"Shastri Nagar, Tonk - RSPCB",26.159933,75.780517,,,,CPCB,Rajasthan State Pollution Control Board,ok,True,False,"[{""id"": 2, ""name"": ""Government Monitor""}]",Asia/Kolkata,2025-02-18T20:15:00Z,2026-09-29T14:30:00Z,True,3
228352,"Shastripuram, Agra - UPPCB",27.198620000000002,77.92066,,,,CPCB,Uttar Pradesh Pollution Control Board,ok,True,False,"[{""id"": 2, ""name"": ""Government Monitor""}, {""id"": 2, ""name"": ""Government Monitor""}]",Asia/Kolkata,2021-06-20T21:00:00Z,2026-09-29T14:30:00Z,True,3
3409408,"Shivaji Nagar, Rishikesh - UKPCB",30.075910999999998,78.2859547,,,,CPCB,Uttarakhand Pollution Control Board,ok,True,False,"[{""id"": 2, ""name"": ""Government Monitor""}]",Asia/Kolkata,2025-02-18T20:15:00Z,2026-09-29T14:30:00Z,True,3
7280,"Shyam Nagar, Palwal - HSPCB",28.1485564,77.3320667,,,,CPCB,Haryana State Pollution Control Board,ok,True,False,"[{""id"": 1, ""name"": ""N/A""}, {""id"": 2, ""name"": ""Government Monitor""}]",Asia/Kolkata,2019-02-13T00:15:00Z,2026-09-29T14:30:00Z,True,3
7281,"Shyam Nagar, Palwal - HSPCB",28.1485564,77.3320667,,,,caaqm,Unknown Governmental Organization,ok,True,False,"[{""id"": 2, ""name"": ""Government Monitor""}]",Asia/Kolkata,2020-01-01T10:15:00Z,2022-10-31T01:30:00Z,False,3
5586,"Sirifort, Delhi - CPCB",28.5504249,77.2159377,,,,CPCB,Central Pollution Control Board,ok,True,False,"[{""id"": 2, ""name"": ""Government Monitor""}]",Asia/Kolkata,2025-02-18T20:15:00Z,2026-09-29T14:30:00Z,True,3
5759,"Sonia Vihar, Delhi - DPCC",28.67795,77.29868,,,,caaqm,Unknown Governmental Organization,ok,True,False,"[{""id"": 2, ""name"": ""Government Monitor""}]",Asia/Kolkata,2018-04-16T06:00:00Z,2018-05-12T05:00:00Z,False,3
8475,"Sonia Vihar, Delhi - DPCC",28.710508,77.249485,,,,CPCB,Delhi Pollution Control Committee,ok,True,False,"[{""id"": 2, ""name"": ""Government Monitor""}, {""id"": 2, ""name"": ""Government Monitor""}]",Asia/Kolkata,2018-08-10T08:15:00Z,2026-09-29T14:30:00Z,True,3
10484,"Sri Aurobindo Marg, Delhi - DPCC",28.531346,77.190156,,,,CPCB,Delhi Pollution Control Committee,ok,True,False,"[{""id"": 2, ""name"": ""Government Monitor""}, {""id"": 2, ""name"": ""Government Monitor""}]",Asia/Kolkata,2018-12-15T15:00:00Z,2026-09-29T14:30:00Z,True,3
3409404,"Subash Chowk, Churu - RSPCB",28.296139,74.96169599999999,,,,CPCB,Rajasthan State Pollution Control Board,ok,True,False,"[{""id"": 2, ""name"": ""Government Monitor""}]",Asia/Kolkata,2025-02-18T20:15:00Z,2026-09-29T14:30:00Z,True,3
10900,"Teri Gram, Gurugram - HSPCB",28.4275,77.1465,,,,CPCB,Haryana State Pollution Control Board,ok,True,False,"[{""id"": 2, ""name"": ""Government Monitor""}, {""id"": 2, ""name"": ""Government Monitor""}]",Asia/Kolkata,2020-03-30T16:00:00Z,2026-09-29T14:30:00Z,True,3
353715,"Transport Nagar, Moradabad - UPPCB",28.802625,78.75372800000001,,,,CPCB,Uttar Pradesh Pollution Control Board,ok,True,False,"[{""id"": 2, ""name"": ""Government Monitor""}, {""id"": 2, ""name"": ""Government Monitor""}]",Asia/Kolkata,2022-07-04T07:00:00Z,2026-09-29T14:30:00Z,True,3
2597,US Diplomatic Post: New Delhi,28.598096,77.189066,,,,StateAir NewDelhi,Unknown Governmental Organization,ok,True,False,"[{""id"": 2, ""name"": ""Government Monitor""}]",Asia/Kolkata,2016-01-30T00:30:00Z,2016-11-09T16:30:00Z,False,3
6935,"Urban Estate-II, Hisar - HSPCB",29.14056,75.744941,,,,CPCB,Haryana State Pollution Control Board,ok,True,False,"[{""id"": 1, ""name"": ""N/A""}, {""id"": 2, ""name"": ""Government Monitor""}]",Asia/Kolkata,2019-02-13T00:15:00Z,2026-09-29T14:30:00Z,True,3
2345,VK Industrial Area Jaipur - RSPCB,26.9738778,75.7738777777777,,,,CPCB,Unknown Governmental Organization,ok,True,False,"[{""id"": 2, ""name"": ""Government Monitor""}]",Asia/Kolkata,2016-03-21T18:30:00Z,2017-06-12T05:30:00Z,False,3
3409519,"Vasundhara Nagar_UIT, Bhiwadi - RSPCB",28.207266,76.829265,,,,CPCB,Rajasthan State Pollution Control Board,ok,True,False,"[{""id"": 2, ""name"": ""Government Monitor""}]",Asia/Kolkata,2025-02-18T20:15:00Z,2026-09-29T14:30:00Z,True,3
5665,"Vasundhara, Ghaziabad - UPPCB",28.6603346,77.3572563,,,,CPCB,Uttar Pradesh Pollution Control Board,ok,True,False,"[{""id"": 2, ""name"": ""Government Monitor""}, {""id"": 2, ""name"": ""Government Monitor""}]",Asia/Kolkata,2018-03-09T06:00:00Z,2026-09-29T14:30:00Z,True,3
330021,"Vibhab Nagar, Firozabad - UPPCB",27.1594,78.3953,,,,CPCB,Uttar Pradesh Pollution Control Board,ok,True,False,"[{""id"": 2, ""name"": ""Government Monitor""}, {""id"": 2, ""name"": ""Government Monitor""}]",Asia/Kolkata,2022-05-04T07:00:00Z,2026-09-29T14:30:00Z,True,3
301,"Vikas Sadan, Gurugram - HSPCB",28.4501238,77.0263051,,,,CPCB,Haryana State Pollution Control Board,ok,True,False,"[{""id"": 1, ""name"": ""N/A""}, {""id"": 2, ""name"": ""Government Monitor""}]",Asia/Kolkata,2016-03-25T08:00:00Z,2026-09-29T14:30:00Z,True,3
5753,"Vivek Vihar, Delhi - DPCC",28.6687803,77.3130982,,,,caaqm,Unknown Governmental Organization,ok,True,False,"[{""id"": 2, ""name"": ""Government Monitor""}]",Asia/Kolkata,2018-04-16T06:00:00Z,2018-05-12T06:00:00Z,False,3
6938,"Vivek Vihar, Delhi - DPCC",28.672342,77.31526,,,,CPCB,Delhi Pollution Control Committee,ok,True,False,"[{""id"": 2, ""name"": ""Government Monitor""}, {""id"": 2, ""name"": ""Government Monitor""}]",Asia/Kolkata,2018-12-15T15:15:00Z,2026-09-29T14:30:00Z,True,3
8915,"Wazirpur, Delhi - DPCC",28.699793,77.165453,,,,CPCB,Delhi Pollution Control Committee,ok,True,False,"[{""id"": 2, ""name"": ""Government Monitor""}, {""id"": 2, ""name"": ""Government Monitor""}]",Asia/Kolkata,2018-12-15T15:00:00Z,2026-09-29T14:30:00Z,True,3
6985,"Yamunapuram, Bulandshahr - UPPCB",28.406963,77.849831,,,,CPCB,Uttar Pradesh Pollution Control Board,ok,True,False,"[{""id"": 2, ""name"": ""Government Monitor""}, {""id"": 2, ""name"": ""Government Monitor""}]",Asia/Kolkata,2018-08-10T06:00:00Z,2026-09-29T14:30:00Z,True,3
6530249,"Chhatikara, Vrindavan - UPPCB",27.57194,77.62346,,,,CPCB,OpenAQ admin,error,False,False,"[{""id"": 1, ""name"": ""N/A""}]",Asia/Kolkata,2026-09-08T10:45:00Z,2026-09-29T14:30:00Z,False,1
6418671,"Dadupura, Fatehpur Sikri - UPPCB",27.097694,77.671335,,,,CPCB,OpenAQ admin,error,False,False,"[{""id"": 1, ""name"": ""N/A""}]",Asia/Kolkata,2026-06-25T16:30:00Z,2026-09-27T21:00:00Z,False,1
3409409,"Govt. Girls Inter College, Kashipur - UKPCB",29.2124114,78.96117530000001,,,,CPCB,Uttarakhand Pollution Control Board,ok,False,False,"[{""id"": 1, ""name"": ""N/A""}]",Asia/Kolkata,2025-02-19T06:45:00Z,2026-09-28T20:15:00Z,True,1
3409309,"Lajpat Nagar, Moradabad - UPPCB",28.825341,78.7213009,,,,CPCB,Uttar Pradesh Pollution Control Board,ok,False,False,"[{""id"": 1, ""name"": ""N/A""}]",Asia/Kolkata,2025-08-14T05:15:00Z,2025-08-14T05:30:00Z,True,1
3409496,"New Moti Bagh, Delhi - MHUA",28.57834,77.184,,,,CPCB,OpenAQ admin,ok,False,False,"[{""id"": 1, ""name"": ""N/A""}]",Asia/Kolkata,2026-03-10T10:30:00Z,2026-06-13T09:15:00Z,True,1
4712609,Air Check,28.623056,77.234167,,,,AirGradient,AirGradient,ok,False,False,"[{""id"": 7, ""name"": ""Unknown AirGradient Sensor""}]",Asia/Kolkata,2026-01-28T11:00:00Z,2026-09-30T03:00:00Z,True,0
6145551,Anand Lok,28.5587,77.21886,,,,AirGradient,AirGradient,ok,False,False,"[{""id"": 24, ""name"": ""AirGradient Open Air Generation 1 (O-1PST)""}]",Asia/Kolkata,2025-11-28T11:00:00Z,2026-09-30T03:00:00Z,True,0
4916349,CURAJ,26.6236,75.0273,,,,AirGradient,Jai Prakash,ok,False,False,"[{""id"": 24, ""name"": ""AirGradient Open Air Generation 1 (O-1PST)""}]",Asia/Kolkata,2025-07-01T01:00:00Z,2026-09-30T03:00:00Z,True,0
6257818,"Cantonment Area, Delhi - DPCC",28.594169,77.1251,,,,N/A,OpenAQ admin,ok,False,False,"[{""id"": 1, ""name"": ""N/A""}]",Asia/Kolkata,2026-03-02T13:00:00Z,2026-09-29T14:30:00Z,True,0
6254665,"Commonwealth Sports Complex, Delhi - DPCC",28.615828,77.271992,,,,N/A,OpenAQ admin,ok,False,False,"[{""id"": 1, ""name"": ""N/A""}]",Asia/Kolkata,2026-02-27T17:00:00Z,2026-09-29T14:30:00Z,True,0
2860223,GK1 (Oberoi Terrace),28.5500047,77.2431058,,,,AirGradient,Unknown Person,ok,False,False,"[{""id"": 7, ""name"": ""Unknown AirGradient Sensor""}]",Asia/Kolkata,2024-05-22T11:00:00Z,2026-09-30T03:00:00Z,True,0
6311324,"Govindpuram, Ghaziabad - UPPCB",28.694528,77.494705,,,,N/A,OpenAQ admin,ok,False,False,"[{""id"": 1, ""name"": ""N/A""}]",Asia/Kolkata,2026-04-17T13:15:00Z,2026-09-29T14:30:00Z,True,0
6254666,"IGNOU_Maidan Garhi, Delhi - DPCC",28.493624,77.201159,,,,N/A,OpenAQ admin,ok,False,False,"[{""id"": 1, ""name"": ""N/A""}]",Asia/Kolkata,2026-02-27T16:45:00Z,2026-09-29T14:30:00Z,True,0
6148686,"IIT Delhi, Delhi - IITM",28.54246,77.191651,,,,N/A,OpenAQ admin,ok,False,False,"[{""id"": 1, ""name"": ""N/A""}]",Asia/Kolkata,2025-12-01T11:30:00Z,2026-09-29T14:30:00Z,True,0
6254663,"JNU, Delhi - DPCC",28.540721,77.168544,,,,N/A,OpenAQ admin,ok,False,False,"[{""id"": 1, ""name"": ""N/A""}]",Asia/Kolkata,2026-02-27T17:00:00Z,2026-09-29T14:30:00Z,True,0
6311325,"MIET College, Meerut - UPPCB",28.972677,77.641018,,,,N/A,OpenAQ admin,ok,False,False,"[{""id"": 1, ""name"": ""N/A""}]",Asia/Kolkata,2026-04-17T13:15:00Z,2026-09-29T14:30:00Z,True,0
3024966,NASA GSFC Rutgers Calib. N8,28.31733,76.91603,,,,Clarity,Clarity,ok,False,False,"[{""id"": 4, ""name"": ""Clarity Sensor""}]",Asia/Kolkata,2024-08-20T06:43:12Z,2026-09-30T02:58:05Z,True,0
6254664,"NSUT Jaffarpur, Delhi - DPCC",28.594004,76.909423,,,,N/A,OpenAQ admin,ok,False,False,"[{""id"": 1, ""name"": ""N/A""}]",Asia/Kolkata,2026-02-27T17:00:00Z,2026-09-29T14:30:00Z,True,0
6487074,"Nagar Palika Parishad, Baraut - UPPCB",29.09956,77.26235,,,,N/A,OpenAQ admin,error,False,False,"[{""id"": 1, ""name"": ""N/A""}]",Asia/Kolkata,2026-08-13T12:15:00Z,2026-09-29T14:30:00Z,False,0
6404322,"New Anaj Mandi, Khairthal - RSPCB",27.8015617,76.6365217,,,,N/A,OpenAQ admin,error,False,False,"[{""id"": 1, ""name"": ""N/A""}]",Asia/Kolkata,2026-06-15T18:00:00Z,2026-09-29T14:30:00Z,False,0
6435505,"New Tehsil, Shamli - UPPCB",29.4603683,77.3410291,,,,N/A,OpenAQ admin,error,False,False,"[{""id"": 1, ""name"": ""N/A""}]",Asia/Kolkata,2026-07-07T10:45:00Z,2026-09-29T14:30:00Z,False,0
6404323,"Pali Dungra, Mathura - UPPCB",27.410954,77.550619,,,,N/A,OpenAQ admin,error,False,False,"[{""id"": 1, ""name"": ""N/A""}]",Asia/Kolkata,2026-06-15T16:45:00Z,2026-09-29T14:30:00Z,False,0
6299494,"Prashant Garden, Khora - UPPCB",28.61119,77.34206,,,,N/A,OpenAQ admin,ok,False,False,"[{""id"": 1, ""name"": ""N/A""}]",Asia/Kolkata,2026-04-07T12:45:00Z,2026-09-29T14:30:00Z,True,0
6458521,"Rajanpur, Gajraula - UPPCB",28.829109,78.248796,,,,N/A,OpenAQ admin,error,False,False,"[{""id"": 1, ""name"": ""N/A""}]",Asia/Kolkata,2026-07-24T10:30:00Z,2026-09-29T14:30:00Z,False,0
6299603,"SRM University, Modinagar - UPPCB",28.798171,77.540243,,,,N/A,OpenAQ admin,ok,False,False,"[{""id"": 1, ""name"": ""N/A""}]",Asia/Kolkata,2026-04-07T15:30:00Z,2026-09-29T14:30:00Z,True,0
4663956,"Santushti Apartments, Vasant Kunj",28.5266,77.1493,,,,AirGradient,Rafi,ok,False,False,"[{""id"": 22, ""name"": ""AirGradient ONE Generation 9 (I-9PSL-DE)""}]",Asia/Kolkata,2025-06-08T09:00:00Z,2026-09-30T03:00:00Z,True,0
6119272,"Sector - 5, Vasundhara, Ghaziabad, Uttar Pradesh ",28.658398,77.3780531,,,,AirGradient,AirGradient,ok,False,False,"[{""id"": 22, ""name"": ""AirGradient ONE Generation 9 (I-9PSL-DE)""}]",Asia/Kolkata,2025-11-04T15:00:00Z,2026-03-26T05:00:00Z,True,0
6105800,"Sector 1, Noida extension",28.583491,77.431714,,,,AirGradient,AirGradient,ok,False,False,"[{""id"": 7, ""name"": ""Unknown AirGradient Sensor""}]",Asia/Kolkata,2025-10-23T18:00:00Z,2026-09-30T03:00:00Z,True,0
6254594,"Talkatora Garden, Delhi - DPCC",28.62181,77.1944633,,,,N/A,OpenAQ admin,ok,False,False,"[{""id"": 1, ""name"": ""N/A""}]",Asia/Kolkata,2026-02-27T15:30:00Z,2026-09-29T14:30:00Z,True,0
6125489,"Uptitude Cloud Pvt Ltd - Sector 62, GGN",28.40240847053802,77.08477464826682,,,,AirGradient,AirGradient,ok,False,False,"[{""id"": 22, ""name"": ""AirGradient ONE Generation 9 (I-9PSL-DE)""}]",Asia/Kolkata,2025-11-10T09:00:00Z,2026-09-30T03:00:00Z,True,0
6299678,"Ved Vihar-Loni, Ghaziabad - UPPCB",28.739153,77.273668,,,,N/A,OpenAQ admin,ok,False,False,"[{""id"": 1, ""name"": ""N/A""}]",Asia/Kolkata,2026-04-07T17:00:00Z,2026-09-29T14:30:00Z,True,0
6452644,"Vigyan Nagar, Alwar - RSPCB",27.598796,76.63861,,,,N/A,OpenAQ admin,error,False,False,"[{""id"": 1, ""name"": ""N/A""}]",Asia/Kolkata,2026-07-20T10:30:00Z,2026-09-29T14:30:00Z,False,0
6458520,"Wave City, Ghaziabad - UPPCB",28.646675,77.489049,,,,N/A,OpenAQ admin,error,False,False,"[{""id"": 1, ""name"": ""N/A""}]",Asia/Kolkata,2026-07-24T10:30:00Z,2026-09-29T14:30:00Z,False,0
