station_id,station_name,latitude,longitude,provider,owner,sensor_lookup_status,has_pm25,has_pm10,has_no2,has_nox,has_o3,has_co,has_so2,has_temperature,has_relative_humidity,has_wind_speed,has_wind_direction,selected_for_download,is_monitor,is_mobile,sensor_ids_by_variable
5635,"Adarsh Nagar, Jaipur - RSPCB",26.902909,75.836858,CPCB,Rajasthan State Pollution Control Board,ok,True,True,True,True,True,True,True,True,True,True,True,True,True,False,"{""PM2.5"": [12234850, 15195], ""PM10"": [12234849, 15162], ""NO2"": [12234847, 15122], ""NOx"": [14341739], ""O3"": [12234848, 15127], ""CO"": [12234845, 14988], ""SO2"": [12234851, 15186], ""temperature"": [12234852], ""relative_humidity"": [15705691], ""wind_speed"": [14341741], ""wind_direction"": [14341740]}"
6932,"Alipur, Delhi - DPCC",28.815329,77.15301,CPCB,Delhi Pollution Control Committee,ok,True,True,True,True,True,True,True,True,True,True,True,True,True,False,"{""PM2.5"": [12235698, 19935], ""PM10"": [12235697, 19936], ""NO2"": [12235695, 19948], ""NOx"": [14340882], ""O3"": [12235696, 19950], ""CO"": [12235693, 19939], ""SO2"": [12235700, 19912], ""temperature"": [12235701], ""relative_humidity"": [12235699], ""wind_speed"": [14340884], ""wind_direction"": [14340883]}"
3410004,"Amity University, Panchgaon - IITM",28.3153,76.9143,N/A,OpenAQ admin,ok,True,True,True,True,True,True,True,True,True,True,True,True,True,False,"{""PM2.5"": [12238725], ""PM10"": [12238724], ""NO2"": [12238722], ""NOx"": [14342284], ""O3"": [12238723], ""CO"": [12238720], ""SO2"": [12238727], ""temperature"": [12238728], ""relative_humidity"": [12238726], ""wind_speed"": [14342286], ""wind_direction"": [14342285]}"
8319,"Anand Vihar, Hapur - UPPCB",28.725645,77.749675,CPCB,Uttar Pradesh Pollution Control Board,ok,True,True,True,True,True,True,True,True,True,True,True,True,True,False,"{""PM2.5"": [12235689, 36521], ""PM10"": [12235688, 36518], ""NO2"": [12235686, 36673], ""NOx"": [14340879], ""O3"": [12235687, 36685], ""CO"": [12235684, 24196], ""SO2"": [12235691, 36523], ""temperature"": [12235692], ""relative_humidity"": [12235690], ""wind_speed"": [14340881], ""wind_direction"": [14340880]}"
235,"Anand Vihar, New Delhi - DPCC",28.646835,77.316032,CPCB,Delhi Pollution Control Committee,ok,True,True,True,True,True,True,True,True,True,True,True,True,True,False,"{""PM2.5"": [12235610, 384], ""PM10"": [12235609, 381], ""NO2"": [12235607, 382], ""NOx"": [14340864], ""O3"": [12235608, 380], ""CO"": [12235605, 385], ""SO2"": [12235612, 383], ""temperature"": [12235613], ""relative_humidity"": [12235611], ""wind_speed"": [14340866], ""wind_direction"": [14340865]}"
6936,"Arya Nagar, Bahadurgarh - HSPCB",28.6701,76.9254,CPCB,Haryana State Pollution Control Board,ok,True,True,True,True,True,True,True,True,True,True,True,True,True,False,"{""PM2.5"": [14233904, 19922], ""PM10"": [14233903, 19928], ""NO2"": [14233901, 19945], ""NOx"": [14341893], ""O3"": [14233902, 19931], ""CO"": [14233899, 19940], ""SO2"": [14233906, 19920], ""temperature"": [14233907], ""relative_humidity"": [14233905], ""wind_speed"": [14341895], ""wind_direction"": [14341894]}"
8917,"Ashok Vihar, Delhi - DPCC",28.695381,77.181665,CPCB,Delhi Pollution Control Committee,ok,True,True,True,True,True,True,True,True,True,True,True,True,True,False,"{""PM2.5"": [12235002, 26032], ""PM10"": [12235001, 34785], ""NO2"": [12234999, 34768], ""NOx"": [14340737], ""O3"": [12235000, 34782], ""CO"": [12234997, 34762], ""SO2"": [12235004, 34786], ""temperature"": [12235005], ""relative_humidity"": [12235003], ""wind_speed"": [14340739], ""wind_direction"": [14340738]}"
5570,"Aya Nagar, New Delhi - IMD",28.474261,77.131606,CPCB,India Meteorological Department,ok,True,True,True,True,True,True,False,False,False,False,False,True,True,False,"{""PM2.5"": [12234708, 14717], ""PM10"": [12234707, 15027], ""NO2"": [12234705, 15019], ""NOx"": [14340701], ""O3"": [12234706, 15021], ""CO"": [12234703, 15010]}"
8472,"Bawana, Delhi - DPCC",28.7762,77.051074,CPCB,Delhi Pollution Control Committee,ok,True,True,True,True,True,True,True,True,True,True,True,True,True,False,"{""PM2.5"": [12235294, 36391], ""PM10"": [12235293, 24602], ""NO2"": [12235291, 36394], ""NOx"": [14340808], ""O3"": [12235292, 36393], ""CO"": [12235289, 36395], ""SO2"": [12235296], ""temperature"": [12235297], ""relative_humidity"": [12235295], ""wind_speed"": [14340810], ""wind_direction"": [14340809]}"
270771,"Buddhi Vihar, Moradabad - UPPCB",28.835259999999998,78.7446,CPCB,Uttar Pradesh Pollution Control Board,ok,True,True,True,True,True,True,True,True,True,True,True,True,True,False,"{""PM2.5"": [12236981, 1562187], ""PM10"": [12236980, 1562186], ""NO2"": [12236978, 1562184], ""NOx"": [14341164], ""O3"": [12236979, 1562185], ""CO"": [12236976, 1562188], ""SO2"": [12236983, 1562183], ""temperature"": [12236984], ""relative_humidity"": [12236982], ""wind_speed"": [14341166], ""wind_direction"": [14341165]}"
5541,"Burari Crossing, New Delhi - IMD",28.7256504,77.2011573,CPCB,India Meteorological Department,ok,True,True,True,True,True,True,False,False,False,False,False,True,True,False,"{""PM2.5"": [12234684, 14912], ""PM10"": [12234683, 14620], ""NO2"": [12234681, 14936], ""NOx"": [14340697], ""O3"": [12234682, 14931], ""CO"": [12234679, 14958]}"
5627,"CRRI Mathura Road, New Delhi - IMD",28.5512005,77.2735737,CPCB,India Meteorological Department,ok,True,True,True,True,True,True,False,False,False,False,False,True,True,False,"{""PM2.5"": [12234678, 14935], ""PM10"": [12234677, 14946], ""NO2"": [12234675, 15082], ""NOx"": [14340696], ""O3"": [12234676, 15063], ""CO"": [12234673, 15098]}"
11603,"Chandni Chowk, Delhi - IITM",28.656756,77.227234,CPCB,Indian Institute of Tropical Meteorology,ok,True,True,True,True,True,True,True,True,True,True,True,True,True,False,"{""PM2.5"": [12236361, 39410], ""PM10"": [12236360, 39411], ""NO2"": [12236358, 39412], ""NOx"": [14342050], ""O3"": [12236359, 39415], ""CO"": [12236356, 39414], ""SO2"": [12236363, 39413], ""temperature"": [12236364], ""relative_humidity"": [12236362], ""wind_speed"": [14342052], ""wind_direction"": [14342051]}"
10907,"City Center, Gwalior - MPPCB",26.203442,78.193251,CPCB,Madhya Pradesh Pollution Control Board,ok,True,True,True,True,True,True,True,True,True,True,True,True,True,False,"{""PM2.5"": [12236153, 36584], ""PM10"": [12236152, 36582], ""NO2"": [12236150, 36574], ""NOx"": [14340980], ""O3"": [12236151, 36580], ""CO"": [12236148, 36554], ""SO2"": [12236155, 36593], ""temperature"": [12236156], ""relative_humidity"": [12236154], ""wind_speed"": [14340982], ""wind_direction"": [14340981]}"
5542,"Civil Line, Jalandhar - PPCB",31.321907,75.578914,CPCB,Punjab Pollution Control Board,ok,True,True,True,True,True,True,True,True,True,True,True,True,True,False,"{""PM2.5"": [12235151, 15192], ""PM10"": [12235150, 15187], ""NO2"": [12235148, 15133], ""NOx"": [14341780], ""O3"": [12235149, 15150], ""CO"": [12235146, 15124], ""SO2"": [12235153, 14623], ""temperature"": [12235154], ""relative_humidity"": [12235152], ""wind_speed"": [14341782], ""wind_direction"": [14341781]}"
10545,"Civil Lines, Ajmer - RSPCB",26.470859,74.646594,CPCB,Rajasthan State Pollution Control Board,ok,True,True,True,True,True,True,True,True,True,True,True,True,True,False,"{""PM2.5"": [12234841, 34991], ""PM10"": [12234840, 34992], ""NO2"": [12234838, 34994], ""NOx"": [14341736], ""O3"": [12234839, 34993], ""CO"": [12234836, 34995], ""SO2"": [12234843, 34986], ""temperature"": [12234844], ""relative_humidity"": [12234842], ""wind_speed"": [14341738], ""wind_direction"": [14341737]}"
358467,"Civil Lines, Bareilly - UPPCB",28.359581,79.414455,CPCB,Uttar Pradesh Pollution Control Board,ok,True,True,True,True,True,True,True,True,True,True,True,True,True,False,"{""PM2.5"": [12237325, 2028498], ""PM10"": [12237324, 2028462], ""NO2"": [12237322, 2028490], ""NOx"": [14341266], ""O3"": [12237323, 2028470], ""CO"": [12237320, 2028471], ""SO2"": [12237327, 2028455], ""temperature"": [12237328], ""relative_humidity"": [12237326], ""wind_speed"": [14341268], ""wind_direction"": [14341267]}"
5626,"DTU, New Delhi - CPCB",28.7500499,77.1112615,CPCB,Central Pollution Control Board,ok,True,True,True,True,True,True,True,True,True,True,True,True,True,False,"{""PM2.5"": [12234760, 14985], ""PM10"": [12234759, 14974], ""NO2"": [12234757, 14941], ""NOx"": [14340704], ""O3"": [12234758, 14949], ""CO"": [12234755, 14933], ""SO2"": [12234762, 17766], ""temperature"": [12234763], ""relative_humidity"": [12234761], ""wind_speed"": [14340706], ""wind_direction"": [14340705]}"
3409374,"Deen Dayal Nagar, Gwalior - MPPCB",26.259241999999997,78.216432,CPCB,Madhya Pradesh Pollution Control Board,ok,True,True,True,True,True,True,True,True,True,True,True,True,True,False,"{""PM2.5"": [12237476], ""PM10"": [12237475], ""NO2"": [12237473], ""NOx"": [14342185], ""O3"": [12237474], ""CO"": [12237471], ""SO2"": [12237478], ""temperature"": [12237479], ""relative_humidity"": [12237477], ""wind_speed"": [14342187], ""wind_direction"": [14342186]}"
234997,"Dharmapuri, Agra - UPPCB",27.169338,78.03582,CPCB,Uttar Pradesh Pollution Control Board,ok,True,True,True,True,True,True,True,True,True,True,True,True,True,False,"{""PM2.5"": [12236824, 1351510], ""PM10"": [12236823, 1351508], ""NO2"": [12236821, 1351506], ""NOx"": [14341116], ""O3"": [12236822, 1351511], ""CO"": [12236819, 1351507], ""SO2"": [12236826, 1351509], ""temperature"": [12236827], ""relative_humidity"": [12236825], ""wind_speed"": [14341118], ""wind_direction"": [14341117]}"
317035,"Doon University, Dehradun - UKPCB",30.269444,78.044167,CPCB,Uttarakhand Pollution Control Board,ok,True,True,True,True,True,True,True,True,True,True,True,True,True,False,"{""PM2.5"": [12237080, 1799316], ""PM10"": [12237079, 1799317], ""NO2"": [12237077, 1799320], ""NOx"": [14341196], ""O3"": [12237078, 1799315], ""CO"": [12237075, 1799318], ""SO2"": [12237082, 1799319], ""temperature"": [12237083], ""relative_humidity"": [12237081], ""wind_speed"": [14341198], ""wind_direction"": [14341197]}"
6934,"Dr. Karni Singh Shooting Range, Delhi - DPCC",28.498571,77.26484,CPCB,Delhi Pollution Control Committee,ok,True,True,True,True,True,True,True,True,True,True,True,True,True,False,"{""PM2.5"": [12235011, 19919], ""PM10"": [12235010, 19941], ""NO2"": [12235008, 19930], ""NOx"": [14340740], ""O3"": [12235009, 19917], ""CO"": [12235006, 19925], ""SO2"": [12235013, 19943], ""temperature"": [12235014], ""relative_humidity"": [12235012], ""wind_speed"": [14340742], ""wind_direction"": [14340741]}"
6931,"Dwarka-Sector 8, Delhi - DPCC",28.5710274,77.0719006,CPCB,Delhi Pollution Control Committee,ok,True,True,True,True,True,True,True,True,True,True,True,True,True,False,"{""PM2.5"": [12235020, 20150], ""PM10"": [12235019, 19906], ""NO2"": [12235017, 19956], ""NOx"": [14340743], ""O3"": [12235018, 19954], ""CO"": [12235015, 19957], ""SO2"": [12235022, 20147], ""temperature"": [12235023], ""relative_humidity"": [12235021], ""wind_speed"": [14340745], ""wind_direction"": [14340744]}"
270877,"Eco Herbal Park, Moradabad - UPPCB",28.840739000000003,78.69753100000001,CPCB,Uttar Pradesh Pollution Control Board,ok,True,True,True,True,True,True,True,True,True,True,True,True,True,False,"{""PM2.5"": [12236999, 1562629], ""PM10"": [12236998, 1562624], ""NO2"": [12236996, 1562627], ""NOx"": [14341170], ""O3"": [12236997, 1562626], ""CO"": [12236994, 1562625], ""SO2"": [12237001, 1562628], ""temperature"": [12237002], ""relative_humidity"": [12237000], ""wind_speed"": [14341172], ""wind_direction"": [14341171]}"
270697,"Employment Office, Moradabad - UPPCB",28.885279999999998,78.7388,CPCB,Uttar Pradesh Pollution Control Board,ok,True,True,True,True,True,True,True,True,True,True,True,True,True,False,"{""PM2.5"": [12241402, 1561913], ""PM10"": [12241401, 1561910], ""NO2"": [12241399, 1561912], ""NOx"": [14341122], ""O3"": [12241400, 1561914], ""CO"": [12241397, 1561911], ""SO2"": [12241404, 1561909], ""temperature"": [12241405], ""relative_humidity"": [12241403], ""wind_speed"": [14341124], ""wind_direction"": [14341123]}"
6952,"F-Block, Sirsa - HSPCB",29.5364,75.0158,CPCB,Haryana State Pollution Control Board,ok,True,True,True,True,True,True,True,True,True,True,True,True,True,False,"{""PM2.5"": [13604856, 19995], ""PM10"": [13604855, 19996], ""NO2"": [13604853, 20000], ""NOx"": [14341908], ""O3"": [13604854, 19998], ""CO"": [13604851, 20001], ""SO2"": [13604858, 19992], ""temperature"": [13604859], ""relative_humidity"": [13604857], ""wind_speed"": [14341910], ""wind_direction"": [14341909]}"
7833,"Ganga Nagar, Meerut - UPPCB",28.999264,77.7590354,CPCB,Uttar Pradesh Pollution Control Board,ok,True,True,True,True,True,True,True,True,True,True,True,True,True,False,"{""PM2.5"": [12236084, 36680], ""PM10"": [12236083, 36530], ""NO2"": [12236081, 36532], ""NOx"": [14340977], ""O3"": [12236082, 36531], ""CO"": [12236079, 22716], ""SO2"": [12236086, 36678], ""temperature"": [12236087], ""relative_humidity"": [12236085], ""wind_speed"": [14340979], ""wind_direction"": [14340978]}"
6947,"General Hospital, Mandikhera - HSPCB",27.9002,76.9938,CPCB,Haryana State Pollution Control Board,ok,True,True,True,True,True,True,True,True,True,True,True,True,True,False,"{""PM2.5"": [14216055, 19983], ""PM10"": [14216054, 19973], ""NO2"": [14216052, 19984], ""NOx"": [14341914], ""O3"": [14216053, 20072], ""CO"": [14216050, 19990], ""SO2"": [14216057, 19999], ""temperature"": [14216058], ""relative_humidity"": [14216056], ""wind_speed"": [14341916], ""wind_direction"": [14341915]}"
6930,"Gobind Pura, Yamuna Nagar - HSPCB",30.1480566,77.2893471,CPCB,Haryana State Pollution Control Board,ok,True,True,True,True,True,True,True,True,True,True,True,True,True,False,"{""PM2.5"": [12961441, 19907], ""PM10"": [13623424, 19910], ""NO2"": [13623422, 19909], ""NOx"": [14341896], ""O3"": [13623423, 19908], ""CO"": [13623420, 19911], ""SO2"": [13623425, 19905], ""temperature"": [12961443], ""relative_humidity"": [12961442], ""wind_speed"": [14341898], ""wind_direction"": [14341897]}"
5551,"Golden Temple, Amritsar - PPCB",31.62,74.876512,CPCB,Punjab Pollution Control Board,ok,True,True,True,True,True,True,True,True,True,True,True,True,True,False,"{""PM2.5"": [12235443, 15088], ""PM10"": [12235442, 15083], ""NO2"": [12235440, 15067], ""NOx"": [14341834], ""O3"": [12235441, 14659], ""CO"": [12235438, 15062], ""SO2"": [12235445, 15108], ""temperature"": [12235446], ""relative_humidity"": [12235444], ""wind_speed"": [14341836], ""wind_direction"": [14341835]}"
6944,"H.B. Colony, Bhiwani - HSPCB",28.806223,76.141105,CPCB,Haryana State Pollution Control Board,ok,True,True,True,True,True,True,True,True,True,True,True,True,True,False,"{""PM2.5"": [12251164, 19972], ""PM10"": [12251163, 19970], ""NO2"": [12251161, 19967], ""NOx"": [14341899], ""O3"": [12251162, 19969], ""CO"": [12251159, 19966], ""SO2"": [12251166, 19974], ""temperature"": [12251167], ""relative_humidity"": [12251165], ""wind_speed"": [14341901], ""wind_direction"": [14341900]}"
301389,"HIMUDA Complex Phase-1, Baddi - HPPCB",30.943887,76.801991,CPCB,H.P. State Pollution Control Board,ok,True,True,True,True,True,True,True,True,True,True,True,True,True,False,"{""PM2.5"": [12237044, 1713366], ""PM10"": [12237043, 1713362], ""NO2"": [12237041, 1713364], ""NOx"": [14341184], ""O3"": [12237042, 1719187], ""CO"": [12237039, 1713370], ""SO2"": [12237046, 1713371], ""temperature"": [12237047], ""relative_humidity"": [12237045], ""wind_speed"": [14341186], ""wind_direction"": [14341185]}"
6939,"Hardev Nagar, Bathinda - PPCB",30.233011,74.907758,CPCB,Punjab Pollution Control Board,ok,True,True,True,True,False,True,True,True,True,True,True,True,True,False,"{""PM2.5"": [12235213, 20051], ""PM10"": [12235212, 19952], ""NO2"": [12235211, 20050], ""NOx"": [14341798], ""CO"": [12235209, 20048], ""SO2"": [12235215, 20052], ""temperature"": [12235216], ""relative_humidity"": [12235214], ""wind_speed"": [14341800], ""wind_direction"": [14341799]}"
3409420,"Housing Board, Hanumangarh - RSPCB",29.61075,74.283608,CPCB,Rajasthan State Pollution Control Board,ok,True,True,True,True,True,True,True,True,True,True,True,True,True,False,"{""PM2.5"": [12237861], ""PM10"": [12237860], ""NO2"": [12237858], ""NOx"": [14341409], ""O3"": [12237859], ""CO"": [12237856], ""SO2"": [12237863], ""temperature"": [12237864], ""relative_humidity"": [12237862], ""wind_speed"": [14341410], ""wind_direction"": [14342231]}"
6969,"Huda Sector, Fatehabad - HSPCB",29.503664,75.467934,CPCB,Haryana State Pollution Control Board,ok,True,True,True,True,True,True,True,True,True,True,True,True,True,False,"{""PM2.5"": [14347156, 20106], ""PM10"": [14347155, 20105], ""NO2"": [14347152, 20103], ""NOx"": [14347153], ""O3"": [14347154, 20104], ""CO"": [14347150, 20102], ""SO2"": [14347158, 20108], ""temperature"": [14347159], ""relative_humidity"": [14347157], ""wind_speed"": [14347161], ""wind_direction"": [14347160]}"
5650,"IGI Airport (T3), Delhi - IMD",28.5627763,77.1180053,CPCB,India Meteorological Department,ok,True,True,True,True,True,True,False,False,False,False,False,True,True,False,"{""PM2.5"": [12234696], ""PM10"": [12234695], ""NO2"": [12234693], ""NOx"": [14340699], ""O3"": [12234694], ""CO"": [12234691]}"
6359,"IHBAS, Dilshad Garden,New Delhi - CPCB",28.6811736,77.3025234,CPCB,Central Pollution Control Board,ok,True,True,True,True,True,True,True,True,True,True,True,True,True,False,"{""PM2.5"": [12234735, 17790], ""PM10"": [12234734, 36050], ""NO2"": [12234732, 17791], ""NOx"": [14341689], ""O3"": [12234733, 36058], ""CO"": [12234730, 17792], ""SO2"": [12234737, 17780], ""temperature"": [12234738], ""relative_humidity"": [12234736], ""wind_speed"": [14341693], ""wind_direction"": [14341691]}"
5613,"ITO, New Delhi - CPCB",28.628624,77.24106,CPCB,Central Pollution Control Board,ok,True,True,True,True,True,True,True,False,False,False,False,True,True,False,"{""PM2.5"": [12234753, 14878], ""PM10"": [12234752, 14869], ""NO2"": [12234750, 14866], ""NOx"": [14341687], ""O3"": [12234751, 17785], ""CO"": [12234748, 17782], ""SO2"": [12234754, 17781]}"
6924,"Indirapuram, Ghaziabad - UPPCB",28.646233,77.358075,CPCB,Uttar Pradesh Pollution Control Board,ok,True,True,True,True,True,True,True,True,True,True,True,True,True,False,"{""PM2.5"": [12235779, 19884], ""PM10"": [12235778, 19886], ""NO2"": [12235776, 19885], ""NOx"": [14341933], ""O3"": [12235777, 19883], ""CO"": [12235774, 19888], ""SO2"": [12235781, 19887], ""temperature"": [12235782], ""relative_humidity"": [12235780], ""wind_speed"": [14340909], ""wind_direction"": [14340908]}"
3409422,"Indra Nagar, Jhunjhunu - RSPCB",28.108988,75.386577,CPCB,Rajasthan State Pollution Control Board,ok,True,True,True,True,True,True,True,True,True,True,True,True,True,False,"{""PM2.5"": [12237879], ""PM10"": [12237878], ""NO2"": [12237876], ""NOx"": [14341414], ""O3"": [12237877], ""CO"": [12237874], ""SO2"": [12237881], ""temperature"": [12237882], ""relative_humidity"": [12237880], ""wind_speed"": [14341416], ""wind_direction"": [14341415]}"
8235,"Jahangirpuri, Delhi - DPCC",28.73282,77.170633,CPCB,Delhi Pollution Control Committee,ok,True,True,True,True,True,True,True,True,True,True,True,True,True,False,"{""PM2.5"": [12235029, 23997], ""PM10"": [12235028, 23996], ""NO2"": [12235026, 23994], ""NOx"": [14340746], ""O3"": [12235027, 23995], ""CO"": [12235024, 23993], ""SO2"": [12235031, 23998], ""temperature"": [12235032], ""relative_humidity"": [12235030], ""wind_speed"": [14340748], ""wind_direction"": [14340747]}"
6976,"Jai Bhim Nagar, Meerut - UPPCB",28.9535882,77.7622941,CPCB,Uttar Pradesh Pollution Control Board,ok,True,True,True,True,True,True,True,True,True,True,True,True,True,False,"{""PM2.5"": [12235869, 20257], ""PM10"": [12235868, 20238], ""NO2"": [12235866, 20204], ""NOx"": [14340931], ""O3"": [12235867, 20234], ""CO"": [12235864, 20157], ""SO2"": [12235871, 20159], ""temperature"": [12235872], ""relative_humidity"": [12235870], ""wind_speed"": [14340933], ""wind_direction"": [14340932]}"
6957,"Jawaharlal Nehru Stadium, Delhi - DPCC",28.58028,77.233829,CPCB,Delhi Pollution Control Committee,ok,True,True,True,True,True,True,True,True,True,True,True,True,True,False,"{""PM2.5"": [12235038, 20020], ""PM10"": [12235037, 20019], ""NO2"": [12235035, 20017], ""NOx"": [14340749], ""O3"": [12235036, 20018], ""CO"": [12235033, 20015], ""SO2"": [12235040, 20021], ""temperature"": [12235041], ""relative_humidity"": [12235039], ""wind_speed"": [14340751], ""wind_direction"": [14340750]}"
270777,"Jigar Colony, Moradabad - UPPCB",28.856664000000002,78.772638,CPCB,Uttar Pradesh Pollution Control Board,ok,True,True,True,True,True,True,True,True,True,True,True,True,True,False,"{""PM2.5"": [12236990, 1562221], ""PM10"": [12236989, 1562223], ""NO2"": [12236987, 1562225], ""NOx"": [14341167], ""O3"": [12236988, 1562222], ""CO"": [12236985, 1562224], ""SO2"": [12236992, 1562226], ""temperature"": [12236993], ""relative_humidity"": [12236991], ""wind_speed"": [14341169], ""wind_direction"": [14341168]}"
6940,"Kalal Majra, Khanna - PPCB",30.736056,76.209694,CPCB,Punjab Pollution Control Board,ok,True,True,True,True,True,True,True,True,True,True,True,True,True,False,"{""PM2.5"": [12235178, 19965], ""PM10"": [12235177, 19963], ""NO2"": [12235175, 20132], ""NOx"": [14341786], ""O3"": [12235176, 19953], ""CO"": [12235173, 20124], ""SO2"": [12235180, 19958], ""temperature"": [12235181], ""relative_humidity"": [12235179], ""wind_speed"": [14341788], ""wind_direction"": [14341787]}"
346439,"Kalindi Kunj, Khurja - UPPCB",28.234892699999996,77.8683002,CPCB,Uttar Pradesh Pollution Control Board,ok,True,True,True,True,True,True,True,True,True,True,True,True,True,False,"{""PM2.5"": [12237152, 1971908], ""PM10"": [12237151, 1971904], ""NO2"": [12237149, 1971910], ""NOx"": [14341220], ""O3"": [12237150, 1971901], ""CO"": [12237147, 1971899], ""SO2"": [12237154, 1971900], ""temperature"": [12237155], ""relative_humidity"": [12237153], ""wind_speed"": [14341222], ""wind_direction"": [14341221]}"
352777,"Kashiram Nagar, Moradabad - UPPCB",28.849399,78.742362,CPCB,Uttar Pradesh Pollution Control Board,ok,True,True,True,True,True,True,True,True,True,True,True,True,True,False,"{""PM2.5"": [12237271, 2003326], ""PM10"": [12237270, 2003328], ""NO2"": [12237268, 2003323], ""NOx"": [14341248], ""O3"": [12237269, 2003325], ""CO"": [12237266, 2003327], ""SO2"": [12237273, 2003324], ""temperature"": [12237274], ""relative_humidity"": [12237272], ""wind_speed"": [14341250], ""wind_direction"": [14341249]}"
3409418,"Khatikan Mohalla, Dausa - RSPCB",26.895552000000002,76.334753,CPCB,Rajasthan State Pollution Control Board,ok,True,True,True,True,True,True,True,True,True,True,True,True,True,False,"{""PM2.5"": [12237843], ""PM10"": [12237842], ""NO2"": [12237840], ""NOx"": [14342228], ""O3"": [12237841], ""CO"": [12237838], ""SO2"": [12237845], ""temperature"": [12237846], ""relative_humidity"": [12237844], ""wind_speed"": [14342230], ""wind_direction"": [14342229]}"
6978,"Knowledge Park - III, Greater Noida - UPPCB",28.47272,77.482,CPCB,Uttar Pradesh Pollution Control Board,ok,True,True,True,True,True,True,True,True,True,True,True,True,True,False,"{""PM2.5"": [12235196, 20209], ""PM10"": [12235195, 20191], ""NO2"": [12235193, 20177], ""NOx"": [14340787], ""O3"": [12235194, 20180], ""CO"": [12235191, 20181], ""SO2"": [12235198, 20227], ""temperature"": [12235199], ""relative_humidity"": [12235197], ""wind_speed"": [14340789], ""wind_direction"": [14340788]}"
6986,"Knowledge Park - V, Greater Noida - UPPCB",28.557054,77.453663,CPCB,Uttar Pradesh Pollution Control Board,ok,True,True,True,True,True,True,True,True,True,True,True,True,True,False,"{""PM2.5"": [12235935, 20242], ""PM10"": [12235934, 20241], ""NO2"": [12235932, 20232], ""NOx"": [14340941], ""O3"": [12235933, 20237], ""CO"": [12235930, 20230], ""SO2"": [12235937, 20244], ""temperature"": [12235938], ""relative_humidity"": [12235936], ""wind_speed"": [14340943], ""wind_direction"": [14340942]}"
3409402,"Krishna Nagar, Bharatpur - RSPCB",27.215415000000004,77.50873,CPCB,Rajasthan State Pollution Control Board,ok,True,True,True,True,True,True,True,True,True,True,True,True,True,False,"{""PM2.5"": [12237721], ""PM10"": [12237720], ""NO2"": [12237718], ""NOx"": [14341371], ""O3"": [12237719], ""CO"": [12237716], ""SO2"": [12237723], ""temperature"": [12237724], ""relative_humidity"": [12237722], ""wind_speed"": [14341373], ""wind_direction"": [14341372]}"
11607,"Lodhi Road, Delhi - IITM",28.588333,77.221667,CPCB,Indian Institute of Tropical Meteorology,ok,True,True,True,False,True,True,True,True,True,True,True,True,True,False,"{""PM2.5"": [12236376, 39433], ""PM10"": [12236375, 39434], ""NO2"": [12236374, 39435], ""O3"": [39438], ""CO"": [39437], ""SO2"": [12236378, 39436], ""temperature"": [12236379], ""relative_humidity"": [12236377], ""wind_speed"": [14342055], ""wind_direction"": [14342054]}"
5634,"Lodhi Road, New Delhi - IMD",28.5918245,77.2273074,CPCB,India Meteorological Department,ok,True,True,True,True,True,True,False,False,False,False,False,True,True,False,"{""PM2.5"": [12234714, 14984], ""PM10"": [12234713, 14983], ""NO2"": [12234711, 14980], ""NOx"": [14340702], ""O3"": [12234712, 14981], ""CO"": [12234709, 14978]}"
7005,"Loni, Ghaziabad - UPPCB",28.757294,77.278792,CPCB,Uttar Pradesh Pollution Control Board,ok,True,True,True,True,True,True,True,True,True,True,True,True,True,False,"{""PM2.5"": [12235787, 20290], ""PM10"": [12235786, 20293], ""NO2"": [12235785, 20294], ""NOx"": [14340910], ""O3"": [12264381, 20292], ""CO"": [12235783, 20295], ""SO2"": [12235789, 20291], ""temperature"": [12235790], ""relative_humidity"": [12235788], ""wind_speed"": [14340912], ""wind_direction"": [14340911]}"
7283,"MD University, Rohtak - HSPCB",28.87793,76.620825,CPCB,Haryana State Pollution Control Board,ok,True,True,True,True,True,True,True,True,True,True,True,True,True,False,"{""PM2.5"": [12599853, 20965], ""PM10"": [12599852], ""NO2"": [12599850, 20967], ""NOx"": [14341792], ""O3"": [12599851, 20964], ""CO"": [12599848, 20968], ""SO2"": [12599855, 20966], ""temperature"": [12599856], ""relative_humidity"": [12599854], ""wind_speed"": [14341794], ""wind_direction"": [14341793]}"
3409369,"Maharaj Bada, Gwalior - MPPCB",26.200388,78.14771400000001,CPCB,Madhya Pradesh Pollution Control Board,ok,True,True,True,True,True,True,True,True,True,True,True,True,True,False,"{""PM2.5"": [12237438], ""PM10"": [12237437], ""NO2"": [12237435], ""NOx"": [14341309], ""O3"": [12237436], ""CO"": [12239612], ""SO2"": [12237440], ""temperature"": [12237441], ""relative_humidity"": [12237439], ""wind_speed"": [14341311], ""wind_direction"": [14341310]}"
6929,"Major Dhyan Chand National Stadium, Delhi - DPCC",28.611281,77.237738,CPCB,Delhi Pollution Control Committee,ok,True,True,True,True,True,True,True,True,True,True,True,True,True,False,"{""PM2.5"": [12235047, 19900], ""PM10"": [12235046, 19904], ""NO2"": [12235044, 19902], ""NOx"": [14340752], ""O3"": [12235045, 19903], ""CO"": [12235042, 19901], ""SO2"": [12235049, 19899], ""temperature"": [12235050], ""relative_humidity"": [12235048], ""wind_speed"": [14340754], ""wind_direction"": [14340753]}"
6358,"Mandir Marg, New Delhi - DPCC",28.636429,77.201067,CPCB,Delhi Pollution Control Committee,ok,True,True,True,True,True,True,True,True,True,True,True,True,True,False,"{""PM2.5"": [12234778, 17770], ""PM10"": [12234777, 17775], ""NO2"": [12234775, 17773], ""NOx"": [14340710], ""O3"": [12234776, 17777], ""CO"": [12234773, 17772], ""SO2"": [12234780, 17779], ""temperature"": [12234781], ""relative_humidity"": [12234779], ""wind_speed"": [14340712], ""wind_direction"": [14340711]}"
227535,"Manoharpur, Agra - UPPCB",27.237109999999998,78.01935999999999,CPCB,Uttar Pradesh Pollution Control Board,ok,True,True,True,True,True,True,True,True,True,True,True,True,True,False,"{""PM2.5"": [12236648, 1312465], ""PM10"": [12236647, 1312458], ""NO2"": [12236645, 1312461], ""NOx"": [14341056], ""O3"": [12236646, 1312471], ""CO"": [12236643, 1312459], ""SO2"": [12236650, 1312454], ""temperature"": [12236651], ""relative_humidity"": [12236649], ""wind_speed"": [14341058], ""wind_direction"": [14341057]}"
3409430,"Mansarovar Sector-12, Jaipur - RSPCB",26.843698,75.766894,CPCB,Rajasthan State Pollution Control Board,ok,True,True,True,True,True,True,True,True,True,True,True,True,True,False,"{""PM2.5"": [12237951], ""PM10"": [12237950], ""NO2"": [12237948], ""NOx"": [14341438], ""O3"": [12237949], ""CO"": [12237946], ""SO2"": [12237953], ""temperature"": [12237954], ""relative_humidity"": [12237952], ""wind_speed"": [14341440], ""wind_direction"": [14341439]}"
10725,"Mini Secretariat, Charkhi Dadri - HSPCB",28.593883,76.270653,CPCB,Haryana State Pollution Control Board,ok,True,True,True,True,True,True,True,True,True,True,True,True,True,False,"{""PM2.5"": [12236218, 35741], ""PM10"": [12236217, 35755], ""NO2"": [12236215, 35757], ""NOx"": [14342023], ""O3"": [12236216, 35756], ""CO"": [12236213, 35760], ""SO2"": [12236220, 35739], ""temperature"": [12236221], ""relative_humidity"": [12236219], ""wind_speed"": [14342025], ""wind_direction"": [14342024]}"
5544,"Model Town, Patiala - PPCB",30.349388,76.366642,CPCB,Punjab Pollution Control Board,ok,True,True,True,True,True,True,True,True,True,True,True,True,True,False,"{""PM2.5"": [12235142, 15243], ""PM10"": [12235141, 15260], ""NO2"": [12235139, 14852], ""NOx"": [14341777], ""O3"": [12235140, 14848], ""CO"": [12235137, 14874], ""SO2"": [12235144, 14629], ""temperature"": [12235145], ""relative_humidity"": [12235143], ""wind_speed"": [14341779], ""wind_direction"": [14341778]}"
5576,"Moti Doongri, Alwar - RSPCB",27.554793,76.611536,CPCB,Rajasthan State Pollution Control Board,ok,True,True,True,True,True,True,True,True,True,True,True,True,True,False,"{""PM2.5"": [12234823, 15131], ""PM10"": [12234822, 15144], ""NO2"": [12234820, 15160], ""NOx"": [14341730], ""O3"": [12234821, 17867], ""CO"": [12234818, 15171], ""SO2"": [12234825, 14740], ""temperature"": [12234826], ""relative_humidity"": [12234824], ""wind_speed"": [14341732], ""wind_direction"": [14341731]}"
10486,"Mundka, Delhi - DPCC",28.684678,77.076574,CPCB,Delhi Pollution Control Committee,ok,True,True,True,True,True,True,True,True,True,True,True,True,True,False,"{""PM2.5"": [12235303, 34767], ""PM10"": [12235302, 34766], ""NO2"": [12235300, 34764], ""NOx"": [14340811], ""O3"": [12235301, 34765], ""CO"": [12235298, 34763], ""SO2"": [12235305, 34769], ""temperature"": [12235306], ""relative_humidity"": [12235304], ""wind_speed"": [14340813], ""wind_direction"": [14340812]}"
6949,"Municipal Corporation Office, Dharuhera -  HSPCB",28.2068,76.7997,CPCB,Haryana State Pollution Control Board,ok,True,True,True,True,True,True,True,True,True,True,True,True,True,False,"{""PM2.5"": [14291091, 19985], ""PM10"": [14291090, 20060], ""NO2"": [14291088, 20045], ""NOx"": [14340888], ""O3"": [14291089, 20044], ""CO"": [14291086, 20100], ""SO2"": [14291093, 20078], ""temperature"": [14291094], ""relative_humidity"": [14291092], ""wind_speed"": [14340890], ""wind_direction"": [14340889]}"
6951,"Murthal, Sonipat - HSPCB",29.0272,77.0621,CPCB,Haryana State Pollution Control Board,ok,True,True,True,True,True,True,True,True,True,True,True,True,True,False,"{""PM2.5"": [14258143, 20013], ""PM10"": [14258142, 20056], ""NO2"": [14258140, 20035], ""NOx"": [14341887], ""O3"": [14258141, 20082], ""CO"": [14258138, 19989], ""SO2"": [14258145, 20066], ""temperature"": [14258146], ""relative_humidity"": [14258144], ""wind_speed"": [14341889], ""wind_direction"": [14341888]}"
10921,"NISE Gwal Pahari, Gurugram - IMD",28.422681,77.148944,CPCB,India Meteorological Department,ok,True,True,True,True,True,True,False,False,False,False,False,True,True,False,"{""PM2.5"": [12235707, 36701], ""PM10"": [12235706, 36703], ""NO2"": [12235704, 36702], ""NOx"": [14340885], ""O3"": [12235705], ""CO"": [12235702, 36700]}"
5622,"NSIT Dwarka, Delhi - CPCB",28.60909,77.0325413,CPCB,Central Pollution Control Board,ok,True,True,True,True,True,True,True,True,True,True,True,True,True,False,"{""PM2.5"": [12234744, 14922], ""PM10"": [12234743, 34957], ""NO2"": [12234741, 14919], ""NOx"": [14341688], ""O3"": [12234742, 14920], ""CO"": [12234739, 14916], ""SO2"": [12234746, 14923], ""temperature"": [12234747], ""relative_humidity"": [12234745], ""wind_speed"": [14341692], ""wind_direction"": [14341690]}"
229729,"Nagla Bhau, Firozabad - UPPCB",27.168896999999998,78.37696,CPCB,Uttar Pradesh Pollution Control Board,ok,True,True,True,True,True,True,True,True,True,True,True,True,True,False,"{""PM2.5"": [12236735, 1323092], ""PM10"": [12236734, 1323084], ""NO2"": [12236732, 1323076], ""NOx"": [14341086], ""O3"": [12236733, 1323091], ""CO"": [12236730, 1323075], ""SO2"": [12236737, 1323081], ""temperature"": [12236738], ""relative_humidity"": [12236736], ""wind_speed"": [14341088], ""wind_direction"": [14341087]}"
10488,"Najafgarh, Delhi - DPCC",28.570173,76.933762,CPCB,Delhi Pollution Control Committee,ok,True,True,True,True,True,True,True,True,True,True,True,True,True,False,"{""PM2.5"": [12235065, 34774], ""PM10"": [12235064, 34775], ""NO2"": [12235062, 34778], ""NOx"": [14340758], ""O3"": [12235063, 34777], ""CO"": [12235060, 34779], ""SO2"": [12235067, 34773], ""temperature"": [12235068], ""relative_humidity"": [12235066], ""wind_speed"": [14340760], ""wind_direction"": [14340759]}"
10485,"Narela, Delhi - DPCC",28.822836,77.101981,CPCB,Delhi Pollution Control Committee,ok,True,True,True,True,True,True,True,True,True,True,True,True,True,False,"{""PM2.5"": [12235056, 34790], ""PM10"": [12235055, 34791], ""NO2"": [12235053, 34760], ""NOx"": [14340755], ""O3"": [12235054, 34792], ""CO"": [12235051, 34776], ""SO2"": [12235058, 34789], ""temperature"": [12235059], ""relative_humidity"": [12235057], ""wind_speed"": [14340757], ""wind_direction"": [14340756]}"
6972,"Nathu Colony, Ballabgarh - HSPCB",28.3419248,77.319699,CPCB,Haryana State Pollution Control Board,ok,True,True,True,True,True,True,True,True,True,True,True,True,True,False,"{""PM2.5"": [14283600, 20123], ""PM10"": [14283599, 20126], ""NO2"": [14283597, 20145], ""NOx"": [14341920], ""O3"": [14283598, 20127], ""CO"": [14283595, 20148], ""SO2"": [14283602, 20118], ""temperature"": [14283603], ""relative_humidity"": [14283601], ""wind_speed"": [14341922], ""wind_direction"": [14341921]}"
8365,"Nehru Nagar, Delhi - DPCC",28.56789,77.250515,CPCB,Delhi Pollution Control Committee,ok,True,True,True,True,True,True,True,True,True,True,True,True,True,False,"{""PM2.5"": [12235083, 35010], ""PM10"": [12235082, 35012], ""NO2"": [12235080, 24303], ""NOx"": [14340764], ""O3"": [12235081, 35017], ""CO"": [12235078, 34799], ""SO2"": [12235085, 35009], ""temperature"": [12235086], ""relative_humidity"": [12235084], ""wind_speed"": [14340765], ""wind_direction"": [14341775]}"
8118,New Delhi,28.63576,77.22445,AirNow,Unknown Governmental Organization,ok,True,False,False,False,False,False,False,False,False,False,False,True,True,False,"{""PM2.5"": [23534]}"
10920,"New Industrial Town, Faridabad - HSPCB",28.39072,77.30059,CPCB,Haryana State Pollution Control Board,ok,True,True,True,True,True,True,True,True,True,True,True,True,True,False,"{""PM2.5"": [12236227], ""PM10"": [12236226], ""NO2"": [12236224], ""NOx"": [14342026], ""O3"": [12236225], ""CO"": [12236222], ""SO2"": [12236229], ""temperature"": [12236230], ""relative_humidity"": [12236228], ""wind_speed"": [14342028], ""wind_direction"": [14342027]}"
6923,"New Mandi, Muzaffarnagar - UPPCB",29.4723508,77.7194031,CPCB,Uttar Pradesh Pollution Control Board,ok,True,True,True,True,True,True,True,True,True,True,True,True,True,False,"{""PM2.5"": [12235222, 19881], ""PM10"": [12235221, 19877], ""NO2"": [12235219, 19880], ""NOx"": [14341801], ""O3"": [12235220, 19879], ""CO"": [12235217, 19878], ""SO2"": [12235224, 19882], ""temperature"": [12235225], ""relative_humidity"": [12235223], ""wind_speed"": [14341803], ""wind_direction"": [14341802]}"
5610,"North Campus, DU, Delhi - IMD",28.6573814,77.1585447,CPCB,India Meteorological Department,ok,True,True,True,True,True,True,False,False,False,False,False,True,True,False,"{""PM2.5"": [12234690, 14860], ""PM10"": [12234689, 14886], ""NO2"": [12234687, 14902], ""NOx"": [14340698], ""O3"": [12234688, 14889, 2007703], ""CO"": [12234685, 14909]}"
8239,"Okhla Phase-2, Delhi - DPCC",28.530785,77.271255,CPCB,Delhi Pollution Control Committee,ok,True,True,True,True,True,True,True,True,True,True,True,True,True,False,"{""PM2.5"": [12235074, 24007], ""PM10"": [12235073, 24011], ""NO2"": [12235071, 24008], ""NOx"": [14340761], ""O3"": [12235072, 24012], ""CO"": [12235069, 24010], ""SO2"": [12235076, 24009], ""temperature"": [12235077], ""relative_humidity"": [12235075], ""wind_speed"": [14340763], ""wind_direction"": [14340762]}"
233414,"Omex Eternity, Vrindavan - UPPCB",27.571409000000003,77.655757,CPCB,Uttar Pradesh Pollution Control Board,ok,True,True,True,True,True,True,True,True,True,True,True,True,True,False,"{""PM2.5"": [12236761, 1342941], ""PM10"": [12236760, 1342939], ""NO2"": [12236758, 1342950], ""NOx"": [14341095], ""O3"": [12236759, 1342951], ""CO"": [12236756, 1342946], ""SO2"": [12236763, 1342948], ""temperature"": [12236764], ""relative_humidity"": [12236762], ""wind_speed"": [14341097], ""wind_direction"": [14341096]}"
7720,"Pallavpuram Phase 2, Meerut - UPPCB",29.06351,77.709723,CPCB,Uttar Pradesh Pollution Control Board,ok,True,True,True,True,True,True,True,True,True,True,True,True,True,False,"{""PM2.5"": [12236075, 25460], ""PM10"": [12236074, 25459], ""NO2"": [12236072, 25457], ""NOx"": [14340974], ""O3"": [12236073, 25458], ""CO"": [12236070, 25456], ""SO2"": [12236077, 22459], ""temperature"": [12236078], ""relative_humidity"": [12236076], ""wind_speed"": [14340976], ""wind_direction"": [14340975]}"
6960,"Patparganj, Delhi - DPCC",28.623748,77.287205,CPCB,Delhi Pollution Control Committee,ok,True,True,True,True,True,True,True,True,True,True,True,True,True,False,"{""PM2.5"": [12235101, 20049], ""PM10"": [12235100, 20040], ""NO2"": [12235098, 20037], ""NOx"": [14340769], ""O3"": [12235099, 20039], ""CO"": [12235096], ""SO2"": [12235103, 20055], ""temperature"": [12235104], ""relative_humidity"": [12235102], ""wind_speed"": [14340771], ""wind_direction"": [14340770]}"
6964,"Patti Mehar, Ambala - HSPCB",30.379589,76.778328,CPCB,Haryana State Pollution Control Board,ok,True,True,True,True,True,True,True,True,True,True,True,True,True,False,"{""PM2.5"": [14258997, 20063], ""PM10"": [14258996, 20062], ""NO2"": [14258994, 20059], ""NOx"": [14340893], ""O3"": [14258995, 20061], ""CO"": [14258992, 20058], ""SO2"": [14258999, 20065], ""temperature"": [14259000], ""relative_humidity"": [14258998], ""wind_speed"": [14340895], ""wind_direction"": [14340894]}"
10912,"Phool Bagh, Gwalior - Mondelez Ind. Food",26.210536,78.171,CPCB,Mondelez India Foods,ok,True,True,True,True,False,True,True,False,False,False,False,True,True,False,"{""PM2.5"": [12236166, 36608], ""PM10"": [12236165, 36607], ""NO2"": [12236164, 1292565], ""NOx"": [14342001], ""CO"": [12236162, 36606], ""SO2"": [12236167, 36610]}"
5633,"Police Commissionerate, Jaipur - RSPCB",26.9164092,75.7994901,CPCB,Rajasthan State Pollution Control Board,ok,True,True,True,True,True,True,True,True,True,True,True,True,True,False,"{""PM2.5"": [12234805, 14971], ""PM10"": [12234804, 14973], ""NO2"": [12234802, 14977], ""NOx"": [14341724], ""O3"": [12234803, 14975], ""CO"": [12234800, 14982], ""SO2"": [12234807, 14970], ""temperature"": [12234808], ""relative_humidity"": [12234806], ""wind_speed"": [14341726], ""wind_direction"": [14341725]}"
6963,"Police Lines, Jind - HSPCB",29.307814,76.337619,CPCB,Haryana State Pollution Control Board,ok,True,True,True,True,True,True,True,True,True,True,True,True,True,False,"{""PM2.5"": [14259006, 20064], ""PM10"": [14259005, 20071], ""NO2"": [14259003, 20077], ""NOx"": [14341917], ""O3"": [14259004, 20074], ""CO"": [14259001, 20080], ""SO2"": [14259008, 20057], ""temperature"": [14259009], ""relative_humidity"": [14259007], ""wind_speed"": [14341919], ""wind_direction"": [14341918]}"
5569,"Punjab Agricultural University, Ludhiana - PPCB",30.9028,75.8086,CPCB,Punjab Pollution Control Board,ok,True,True,True,True,True,True,True,False,True,True,True,True,True,False,"{""PM2.5"": [12235426, 14826], ""PM10"": [12235425, 14827], ""NO2"": [12235423, 14831], ""NOx"": [14341828], ""O3"": [12235424, 14715], ""CO"": [12235421, 14832], ""SO2"": [12235428, 14824], ""relative_humidity"": [12235427], ""wind_speed"": [14341830], ""wind_direction"": [14341829]}"
50,"Punjabi Bagh, Delhi - DPCC",28.674045,77.131023,CPCB,Delhi Pollution Control Committee,ok,True,True,True,True,True,True,True,True,True,True,True,True,True,False,"{""PM2.5"": [12234796, 396], ""PM10"": [12234795, 395], ""NO2"": [12234793, 400], ""NOx"": [14340716], ""O3"": [12234794, 71], ""CO"": [12234791, 398], ""SO2"": [12234798, 397], ""temperature"": [12234799], ""relative_humidity"": [12234797], ""wind_speed"": [14340718], ""wind_direction"": [14340717]}"
6356,"Pusa, Delhi - DPCC",28.639645,77.146262,CPCB,Delhi Pollution Control Committee,ok,True,True,True,True,True,True,True,True,True,True,True,True,True,False,"{""PM2.5"": [12235321], ""PM10"": [12235320], ""NO2"": [12235318], ""NOx"": [14340817], ""O3"": [12235319], ""CO"": [12235316], ""SO2"": [12235323], ""temperature"": [12235324], ""relative_humidity"": [12235322], ""wind_speed"": [14340819], ""wind_direction"": [14340818]}"
5404,"Pusa, Delhi - IMD",28.639645,77.146263,CPCB,India Meteorological Department,ok,True,True,True,True,True,True,False,False,False,False,False,True,True,False,"{""PM2.5"": [12234702, 14087], ""PM10"": [12234701, 14085], ""NO2"": [12234699, 14084], ""NOx"": [14340700], ""O3"": [12234700], ""CO"": [12234697, 14086]}"
17,"R K Puram, Delhi - DPCC",28.563262,77.186937,CPCB,Delhi Pollution Control Committee,ok,True,True,True,True,True,True,True,True,True,True,True,True,True,False,"{""PM2.5"": [12234787, 35], ""PM10"": [12234786, 399], ""NO2"": [12234784, 36], ""NOx"": [14340713], ""O3"": [12234785, 394], ""CO"": [12234782, 392], ""SO2"": [12234789, 393], ""temperature"": [12234790], ""relative_humidity"": [12234788], ""wind_speed"": [14340715], ""wind_direction"": [14340714]}"
5588,"RIICO Ind. Area III, Bhiwadi - RSPCB",28.194909,76.862296,CPCB,Rajasthan State Pollution Control Board,ok,True,True,True,True,True,True,True,True,True,True,True,True,True,False,"{""PM2.5"": [12234832], ""PM10"": [12234831], ""NO2"": [12234829], ""NOx"": [14341733], ""O3"": [12234830], ""CO"": [12234827], ""SO2"": [12234834], ""temperature"": [12234835], ""relative_humidity"": [12234833], ""wind_speed"": [14341735], ""wind_direction"": [14341734]}"
3409433,"RIICO Sitapura, Jaipur - RSPCB",26.786682,75.827928,CPCB,Rajasthan State Pollution Control Board,ok,True,True,True,True,True,True,True,True,True,True,True,True,True,False,"{""PM2.5"": [12237978], ""PM10"": [12237977], ""NO2"": [12237975], ""NOx"": [14341444], ""O3"": [12237976], ""CO"": [12237973], ""SO2"": [12237980], ""temperature"": [12237981], ""relative_humidity"": [12237979], ""wind_speed"": [14341446], ""wind_direction"": [14341445]}"
5625,"RIMT University, Mandi Gobindgarh - PPCB",30.649961,76.331442,CPCB,Punjab Pollution Control Board,ok,True,True,True,True,True,True,True,True,True,True,True,True,True,False,"{""PM2.5"": [12235434, 14945], ""PM10"": [12235433, 14960], ""NO2"": [12235431, 15009], ""NOx"": [14341831], ""O3"": [12235432, 14992], ""CO"": [12235429, 15101], ""SO2"": [12235436, 14932], ""temperature"": [12235437], ""relative_humidity"": [12235435], ""wind_speed"": [14341833], ""wind_direction"": [14341832]}"
3409427,"Radhakishan Pura, Sikar - RSPCB",27.608912,75.153302,CPCB,Rajasthan State Pollution Control Board,ok,True,True,True,True,True,True,True,True,True,True,True,True,True,False,"{""PM2.5"": [12237924], ""PM10"": [12237923], ""NO2"": [12237921], ""NOx"": [14341429], ""O3"": [12237922], ""CO"": [12237919], ""SO2"": [12237926], ""temperature"": [12237927], ""relative_humidity"": [12237925], ""wind_speed"": [14341431], ""wind_direction"": [14341430]}"
3409405,"Raja Ganj, Dholpur - RSPCB",26.699557000000002,77.898881,CPCB,Rajasthan State Pollution Control Board,ok,True,True,True,True,True,True,True,True,True,True,True,True,True,False,"{""PM2.5"": [12237748], ""PM10"": [12237747], ""NO2"": [12237745], ""NOx"": [14341377], ""O3"": [12237746], ""CO"": [12237743], ""SO2"": [12237750], ""temperature"": [12237751], ""relative_humidity"": [12237749], ""wind_speed"": [14341379], ""wind_direction"": [14341378]}"
346438,"Rajendra Nagar, Bareilly - UPPCB",28.38910936,79.42963708,CPCB,Uttar Pradesh Pollution Control Board,ok,True,True,True,True,True,True,True,True,True,True,True,True,True,False,"{""PM2.5"": [12237143, 1971907], ""PM10"": [12237142, 1971905], ""NO2"": [12237140, 1971909], ""NOx"": [14341214], ""O3"": [12237141, 1971902], ""CO"": [12237138, 1971906], ""SO2"": [12237145, 1971903], ""temperature"": [12237146], ""relative_humidity"": [12237144], ""wind_speed"": [14341216], ""wind_direction"": [14341215]}"
6442,"Ratanpura, Rupnagar - Ambuja Cements",31.0325454,76.5623046,CPCB,Ambuja Cement,ok,True,True,True,True,False,True,True,True,True,True,True,True,True,False,"{""PM2.5"": [12291454, 18101], ""PM10"": [12291453, 18104], ""NO2"": [12291452, 18099], ""NOx"": [14341795], ""CO"": [12291450, 18100], ""SO2"": [12291456, 18102], ""temperature"": [12291457], ""relative_humidity"": [12291455], ""wind_speed"": [14341797], ""wind_direction"": [14341796]}"
6971,"Rishi Nagar, Kaithal - HSPCB",29.8006,76.4155,CPCB,Haryana State Pollution Control Board,ok,True,True,True,True,True,True,True,True,True,True,True,True,True,False,"{""PM2.5"": [12353756, 20112], ""PM10"": [12353755, 20114], ""NO2"": [12353753, 20117], ""NOx"": [14341930], ""O3"": [12353754, 20116], ""CO"": [12353751, 20120], ""SO2"": [12353758, 20111], ""temperature"": [12353759], ""relative_humidity"": [12353757], ""wind_speed"": [14341932], ""wind_direction"": [14341931]}"
10831,"Rohini, Delhi - DPCC",28.732528,77.11992,CPCB,Delhi Pollution Control Committee,ok,True,True,True,True,True,True,True,True,True,True,True,True,True,False,"{""PM2.5"": [12235092, 36399], ""PM10"": [12235091, 36382], ""NO2"": [12235089, 36209], ""NOx"": [14340766], ""O3"": [12235090, 36213], ""CO"": [12235087, 36208], ""SO2"": [12235094, 36449], ""temperature"": [12235095], ""relative_humidity"": [12235093], ""wind_speed"": [14340768], ""wind_direction"": [14340767]}"
278159,"Rohta, Agra - UPPCB",27.106972,78.000111,CPCB,Uttar Pradesh Pollution Control Board,ok,True,True,True,True,True,True,True,True,True,True,True,True,True,False,"{""PM2.5"": [12236752, 1583416], ""PM10"": [12236751, 1583420], ""NO2"": [12236749, 1583419], ""NOx"": [14341092], ""O3"": [12236750, 1583417], ""CO"": [12236747, 1583418], ""SO2"": [12236754, 1583415], ""temperature"": [12236755], ""relative_humidity"": [12236753], ""wind_speed"": [14341094], ""wind_direction"": [14341093]}"
3409421,"Sahu Nagar, Sawai Madhopur - RSPCB",26.031443,76.35932700000001,CPCB,Rajasthan State Pollution Control Board,ok,True,True,True,True,True,True,True,True,True,True,True,True,True,False,"{""PM2.5"": [12237870], ""PM10"": [12237869], ""NO2"": [12237867], ""NOx"": [14341411], ""O3"": [12237868], ""CO"": [12237865], ""SO2"": [12237872], ""temperature"": [12237873], ""relative_humidity"": [12237871], ""wind_speed"": [14341413], ""wind_direction"": [14341412]}"
10919,"Sanjay Nagar, Ghaziabad - UPPCB",28.685382,77.453839,CPCB,Uttar Pradesh Pollution Control Board,ok,True,True,True,True,True,True,True,True,True,True,True,True,True,False,"{""PM2.5"": [12235770, 36675], ""PM10"": [12235769, 36660], ""NO2"": [12235767, 36645], ""NOx"": [14340905], ""O3"": [12235768, 36646], ""CO"": [12235765, 36641], ""SO2"": [12235772, 36676], ""temperature"": [12235773], ""relative_humidity"": [12235771], ""wind_speed"": [14340907], ""wind_direction"": [14340906]}"
860,"Sanjay Palace, Agra - UPPCB",27.19865833,78.00598056,CPCB,Uttar Pradesh Pollution Control Board,ok,True,True,True,True,True,True,True,True,True,True,True,True,True,False,"{""PM2.5"": [12235662, 1545], ""PM10"": [12235661, 1342956], ""NO2"": [12235659, 15024], ""NOx"": [14340873], ""O3"": [12235660, 1544], ""CO"": [12235657, 1546], ""SO2"": [12235664, 14322], ""temperature"": [12235665], ""relative_humidity"": [12235663], ""wind_speed"": [14340875], ""wind_direction"": [14340874]}"
301388,"Sardar Patel Inter College, Baghpat - UPPCB",28.964949,77.278761,CPCB,Uttar Pradesh Pollution Control Board,ok,True,True,True,True,True,True,True,True,True,True,True,True,True,False,"{""PM2.5"": [12237035, 1713367], ""PM10"": [12237034, 1713358], ""NO2"": [12237032, 1719189], ""NOx"": [14341181], ""O3"": [12237033, 1713356], ""CO"": [12237030, 1854533], ""SO2"": [12237037, 1719188], ""temperature"": [12237038], ""relative_humidity"": [12237036], ""wind_speed"": [14341183], ""wind_direction"": [14341182]}"
3409428,"Satyawati Vihar, Karauli - RSPCB",26.506177,77.025989,CPCB,Rajasthan State Pollution Control Board,ok,True,True,True,True,True,True,True,True,True,True,True,True,True,False,"{""PM2.5"": [12237933], ""PM10"": [12237932], ""NO2"": [12237930], ""NOx"": [14341432], ""O3"": [12237931], ""CO"": [12237928], ""SO2"": [12237935], ""temperature"": [12237936], ""relative_humidity"": [12237934], ""wind_speed"": [14341434], ""wind_direction"": [14341433]}"
5598,"Sector - 125, Noida, UP - UPPCB",28.5447608,77.3231257,CPCB,Uttar Pradesh Pollution Control Board,ok,True,True,True,True,True,True,True,True,True,True,True,True,True,False,"{""PM2.5"": [12235187], ""PM10"": [12235186], ""NO2"": [12235184], ""NOx"": [14340784], ""O3"": [12235185], ""CO"": [12235182], ""SO2"": [12235189], ""temperature"": [12235190], ""relative_humidity"": [12235188], ""wind_speed"": [14340786], ""wind_direction"": [14340785]}"
5616,"Sector - 62, Noida, UP - IMD",28.6245479,77.3577104,CPCB,India Meteorological Department,ok,True,True,True,True,True,True,False,False,False,False,False,True,True,False,"{""PM2.5"": [12234720], ""PM10"": [12234719], ""NO2"": [12234717], ""NOx"": [14340703], ""O3"": [12234718], ""CO"": [12234715]}"
10908,"Sector 11, Faridabad - HSPCB",28.376058,77.315741,CPCB,Haryana State Pollution Control Board,ok,True,True,True,True,True,True,True,True,True,True,True,True,True,False,"{""PM2.5"": [12236245, 36564], ""PM10"": [12236244, 36562], ""NO2"": [12236242, 36560], ""NOx"": [14342032], ""O3"": [12236243, 36561], ""CO"": [12236240, 36559], ""SO2"": [12236247, 36566], ""temperature"": [12236248], ""relative_humidity"": [12236246], ""wind_speed"": [14342034], ""wind_direction"": [14342033]}"
233415,"Sector 22, Chandigarh - CPCC",30.735567,76.77571400000001,CPCB,Chandigarh Pollution Control Committee,ok,True,True,True,True,True,True,True,True,True,True,True,True,True,False,"{""PM2.5"": [12236806, 1342953], ""PM10"": [12236805, 1342944], ""NO2"": [12236803, 1342954], ""NOx"": [14341110], ""O3"": [12236804, 1342947], ""CO"": [12236801, 1342949], ""SO2"": [12236808, 1342943], ""temperature"": [12236809], ""relative_humidity"": [12236807], ""wind_speed"": [14341112], ""wind_direction"": [14341111]}"
10820,"Sector 30, Faridabad - HSPCB",28.4417,77.3217,CPCB,Haryana State Pollution Control Board,ok,True,True,True,True,True,True,True,True,True,True,True,True,True,False,"{""PM2.5"": [12236236], ""PM10"": [12236235], ""NO2"": [12236233], ""NOx"": [14342029], ""O3"": [12236234], ""CO"": [12236231], ""SO2"": [12236238], ""temperature"": [12236239], ""relative_humidity"": [12236237], ""wind_speed"": [14342031], ""wind_direction"": [14342030]}"
6980,"Sector-1, Noida - UPPCB",28.589247,77.321962,CPCB,Uttar Pradesh Pollution Control Board,ok,True,True,True,True,True,True,True,True,True,True,True,True,True,False,"{""PM2.5"": [12235951, 20206], ""PM10"": [12235950, 20194], ""NO2"": [12235948, 20187], ""NOx"": [14340947], ""O3"": [12235949, 20189], ""CO"": [12235946, 20186], ""SO2"": [12235953, 20207], ""temperature"": [12235954], ""relative_humidity"": [12235952], ""wind_speed"": [14340949], ""wind_direction"": [14340948]}"
6988,"Sector-116, Noida - UPPCB",28.56923,77.393848,CPCB,Uttar Pradesh Pollution Control Board,ok,True,True,True,True,True,True,True,True,True,True,True,True,True,False,"{""PM2.5"": [12235942], ""PM10"": [12235941], ""NO2"": [12241383], ""NOx"": [14340944], ""O3"": [12235940], ""CO"": [12235939], ""SO2"": [12235944], ""temperature"": [12235945], ""relative_humidity"": [12235943], ""wind_speed"": [14340946], ""wind_direction"": [14340945]}"
10910,"Sector-12, Karnal - HSPCB",29.6953,77.0027,CPCB,Haryana State Pollution Control Board,ok,True,True,True,True,True,True,True,True,True,True,True,True,True,False,"{""PM2.5"": [14275735, 36590], ""PM10"": [14275734, 36589], ""NO2"": [14276479, 36587], ""NOx"": [14340891], ""O3"": [14276480, 36588], ""CO"": [14276478, 36585], ""SO2"": [14276481, 36591], ""temperature"": [14275737], ""relative_humidity"": [14275736], ""wind_speed"": [14340892], ""wind_direction"": [14690931]}"
6958,"Sector-18, Panipat - HSPCB",29.435587,76.975531,CPCB,Haryana State Pollution Control Board,ok,True,True,True,True,True,True,True,True,True,True,True,True,True,False,"{""PM2.5"": [14248667, 20024], ""PM10"": [14248666, 20025], ""NO2"": [14248664, 20027], ""NOx"": [14341902], ""O3"": [14248665, 20026], ""CO"": [14248662, 20028], ""SO2"": [14248669, 20022], ""temperature"": [14248670], ""relative_humidity"": [14248668], ""wind_speed"": [14341904], ""wind_direction"": [14341903]}"
6953,"Sector-2 IMT, Manesar - HSPCB",28.360699,76.93609,CPCB,Haryana State Pollution Control Board,ok,True,True,True,True,True,True,True,True,True,True,True,True,True,False,"{""PM2.5"": [14250045, 20006], ""PM10"": [14250044, 20009], ""NO2"": [14250042, 20012], ""NOx"": [14341884], ""O3"": [14250043, 20011], ""CO"": [14250040, 20014], ""SO2"": [14250047, 20003], ""temperature"": [14250048], ""relative_humidity"": [14250046], ""wind_speed"": [14341886], ""wind_direction"": [14341885]}"
3409432,"Sector-2 Murlipura, Jaipur - RSPCB",26.960669,75.771817,CPCB,Rajasthan State Pollution Control Board,ok,True,True,True,True,True,True,True,True,True,True,True,True,True,False,"{""PM2.5"": [12237969], ""PM10"": [12237968], ""NO2"": [12237966], ""NOx"": [14342232], ""O3"": [12237967], ""CO"": [12237964], ""SO2"": [12237971], ""temperature"": [12237972], ""relative_humidity"": [12237970], ""wind_speed"": [14342234], ""wind_direction"": [14342233]}"
10914,"Sector-25, Chandigarh - CPCC",30.751462,76.762879,CPCB,Chandigarh Pollution Control Committee,ok,True,True,True,True,True,True,True,True,True,True,True,True,True,False,"{""PM2.5"": [12235976], ""PM10"": [12235975], ""NO2"": [12235973], ""NOx"": [14340950], ""O3"": [12235974], ""CO"": [12235971], ""SO2"": [12235978], ""temperature"": [12235979], ""relative_humidity"": [12235977], ""wind_speed"": [14340952], ""wind_direction"": [14340951]}"
227931,"Sector-3B Avas Vikas Colony, Agra - UPPCB",27.19412,77.96236999999999,CPCB,Uttar Pradesh Pollution Control Board,ok,True,True,True,True,True,True,True,True,True,True,True,True,True,False,"{""PM2.5"": [12236657, 1314234], ""PM10"": [12236656, 1314230], ""NO2"": [12236654, 1314235], ""NOx"": [14341059], ""O3"": [12236655, 1314232], ""CO"": [12236652, 1314233], ""SO2"": [12236659, 1314231], ""temperature"": [12236660], ""relative_humidity"": [12236658], ""wind_speed"": [14341061], ""wind_direction"": [14341060]}"
10825,"Sector-51, Gurugram - HSPCB",28.4227,77.0667,CPCB,Haryana State Pollution Control Board,ok,True,True,True,True,True,True,True,True,True,True,True,True,True,False,"{""PM2.5"": [12236259, 36181], ""PM10"": [12236258, 36180], ""NO2"": [12236256, 36178], ""NOx"": [14342035], ""O3"": [12236257, 36179], ""CO"": [12236254, 36177], ""SO2"": [12236261, 36182], ""temperature"": [12236262], ""relative_humidity"": [12236260], ""wind_speed"": [14342037], ""wind_direction"": [14342036]}"
278418,"Sector-53, Chandigarh - CPCC",30.719859000000003,76.738637,CPCB,Chandigarh Pollution Control Committee,ok,True,True,True,True,True,True,True,True,True,True,True,True,True,False,"{""PM2.5"": [12237008, 1584284], ""PM10"": [12237007, 1584283], ""NO2"": [12237005, 1584285], ""NOx"": [14342150], ""O3"": [12237006, 1584287], ""CO"": [12237003, 1584286], ""SO2"": [12237010, 1584282], ""temperature"": [12237011], ""relative_humidity"": [12237009], ""wind_speed"": [14341174], ""wind_direction"": [14341173]}"
2583,"Sector-6, Panchkula - HSPCB",30.7057778,76.8531805555555,CPCB,Haryana State Pollution Control Board,ok,True,False,True,True,True,True,True,True,True,True,True,True,True,False,"{""PM2.5"": [12328443, 5343], ""NO2"": [12328441, 5357], ""NOx"": [14341813], ""O3"": [12328442, 5336], ""CO"": [12328439, 5359], ""SO2"": [12328445, 5345], ""temperature"": [12328446], ""relative_humidity"": [12328444], ""wind_speed"": [14341815], ""wind_direction"": [14341814]}"
7282,"Sector-7, Kurukshetra - HSPCB",29.966942,76.875879,CPCB,Haryana State Pollution Control Board,ok,True,True,True,True,True,True,True,True,True,True,True,True,True,False,"{""PM2.5"": [14234413, 20961], ""PM10"": [14234412, 20960], ""NO2"": [14234410, 20956], ""NOx"": [14341890], ""O3"": [14234411, 20955], ""CO"": [14234408, 20954], ""SO2"": [14234415, 20959], ""temperature"": [14234416], ""relative_humidity"": [14234414], ""wind_speed"": [14341892], ""wind_direction"": [14341891]}"
5630,"Shadipur, Delhi - CPCB",28.6514781,77.1473105,CPCB,Central Pollution Control Board,ok,True,True,True,True,True,True,True,True,True,True,True,True,True,False,"{""PM2.5"": [12234726, 14959], ""PM10"": [12234725, 36210], ""NO2"": [12234723, 15053], ""NOx"": [14341721], ""O3"": [12234724, 15011], ""CO"": [12234721, 15119], ""SO2"": [12234728, 14952], ""temperature"": [12234729], ""relative_humidity"": [12234727], ""wind_speed"": [14341723], ""wind_direction"": [14341722]}"
5612,"Shastri Nagar, Jaipur - RSPCB",26.9502929,75.730943,CPCB,Rajasthan State Pollution Control Board,ok,True,True,True,True,True,True,True,True,True,True,True,True,True,False,"{""PM2.5"": [12234876, 15005], ""PM10"": [12234875, 14894], ""NO2"": [12234873, 14873], ""NOx"": [14341748], ""O3"": [12234874, 14888], ""CO"": [12234871, 14864], ""SO2"": [12234878, 15134], ""temperature"": [12234879], ""relative_humidity"": [12234877], ""wind_speed"": [14341750], ""wind_direction"": [14341749]}"
6970,"Shastri Nagar, Narnaul - HSPCB",28.060249,76.113115,CPCB,Haryana State Pollution Control Board,ok,True,True,True,True,True,True,True,True,True,True,True,True,True,False,"{""PM2.5"": [14224812, 20110], ""PM10"": [14224811, 20115], ""NO2"": [14224809, 20131], ""NOx"": [14341911], ""O3"": [14224810, 20119], ""CO"": [14224807, 20135], ""SO2"": [14224814, 20963], ""temperature"": [14224815], ""relative_humidity"": [14224813], ""wind_speed"": [14341913], ""wind_direction"": [14341912]}"
3409407,"Shastri Nagar, Tonk - RSPCB",26.159933,75.780517,CPCB,Rajasthan State Pollution Control Board,ok,True,True,True,True,True,True,True,True,True,True,True,True,True,False,"{""PM2.5"": [12237766], ""PM10"": [12237765], ""NO2"": [12237763], ""NOx"": [14341382], ""O3"": [12237764], ""CO"": [12237761], ""SO2"": [12237768], ""temperature"": [12237769], ""relative_humidity"": [12237767], ""wind_speed"": [14341384], ""wind_direction"": [14341383]}"
228352,"Shastripuram, Agra - UPPCB",27.198620000000002,77.92066,CPCB,Uttar Pradesh Pollution Control Board,ok,True,True,True,True,True,True,True,True,True,True,True,True,True,False,"{""PM2.5"": [12236639, 1316054], ""PM10"": [12236638, 1316050], ""NO2"": [12236636, 1316051], ""NOx"": [14341053], ""O3"": [12236637, 1316053], ""CO"": [12236634, 1316049], ""SO2"": [12236641, 1316052], ""temperature"": [12236642], ""relative_humidity"": [12236640], ""wind_speed"": [14341055], ""wind_direction"": [14341054]}"
3409408,"Shivaji Nagar, Rishikesh - UKPCB",30.075910999999998,78.2859547,CPCB,Uttarakhand Pollution Control Board,ok,True,True,True,True,True,True,True,True,True,True,True,True,True,False,"{""PM2.5"": [12237775], ""PM10"": [12237774], ""NO2"": [12237772], ""NOx"": [14342223], ""O3"": [12237773], ""CO"": [12237770], ""SO2"": [12237777], ""temperature"": [12237778], ""relative_humidity"": [12237776], ""wind_speed"": [14342225], ""wind_direction"": [14342224]}"
7280,"Shyam Nagar, Palwal - HSPCB",28.1485564,77.3320667,CPCB,Haryana State Pollution Control Board,ok,True,True,True,True,True,True,True,True,True,True,True,True,True,False,"{""PM2.5"": [14249204, 20947], ""PM10"": [14249203, 20948], ""NO2"": [14249201, 20949], ""NOx"": [14341905], ""O3"": [14249202, 20946], ""CO"": [14249199, 20944], ""SO2"": [14249206, 20945], ""temperature"": [14249207], ""relative_humidity"": [14249205], ""wind_speed"": [14341907], ""wind_direction"": [14341906]}"
5586,"Sirifort, Delhi - CPCB",28.5504249,77.2159377,CPCB,Central Pollution Control Board,ok,True,True,True,True,True,True,True,True,True,True,True,True,True,False,"{""PM2.5"": [12234769], ""PM10"": [12234768], ""NO2"": [12234766], ""NOx"": [14340707], ""O3"": [12234767], ""CO"": [12234764], ""SO2"": [12234771], ""temperature"": [12234772], ""relative_humidity"": [12234770], ""wind_speed"": [14340709], ""wind_direction"": [14340708]}"
8475,"Sonia Vihar, Delhi - DPCC",28.710508,77.249485,CPCB,Delhi Pollution Control Committee,ok,True,True,True,True,True,True,True,True,True,True,True,True,True,False,"{""PM2.5"": [12235110, 35050], ""PM10"": [12235109, 35049], ""NO2"": [12235107, 35047], ""NOx"": [14340772], ""O3"": [12235108, 35048], ""CO"": [12235105, 24615], ""SO2"": [12235112, 35051], ""temperature"": [12235113], ""relative_humidity"": [12235111], ""wind_speed"": [14340773], ""wind_direction"": [14341776]}"
10484,"Sri Aurobindo Marg, Delhi - DPCC",28.531346,77.190156,CPCB,Delhi Pollution Control Committee,ok,True,True,True,True,True,True,True,True,True,True,True,True,True,False,"{""PM2.5"": [12235312, 34772], ""PM10"": [12235311, 34781], ""NO2"": [12235309, 34758], ""NOx"": [14340814], ""O3"": [12235310, 34757], ""CO"": [12235307, 34761], ""SO2"": [12235314, 34759], ""temperature"": [12235315], ""relative_humidity"": [12235313], ""wind_speed"": [14340816], ""wind_direction"": [14340815]}"
3409404,"Subash Chowk, Churu - RSPCB",28.296139,74.96169599999999,CPCB,Rajasthan State Pollution Control Board,ok,True,True,True,True,True,True,True,True,True,True,True,True,True,False,"{""PM2.5"": [12237739], ""PM10"": [12237738], ""NO2"": [12237736], ""NOx"": [14342219], ""O3"": [12237737], ""CO"": [12237734], ""SO2"": [12237741], ""temperature"": [12237742], ""relative_humidity"": [12237740], ""wind_speed"": [14342221], ""wind_direction"": [14342220]}"
10900,"Teri Gram, Gurugram - HSPCB",28.4275,77.1465,CPCB,Haryana State Pollution Control Board,ok,True,True,True,True,True,True,True,True,True,True,True,True,True,False,"{""PM2.5"": [12236251, 36539], ""PM10"": [12236250, 36538], ""NO2"": [14573420, 36535], ""NOx"": [14728528], ""O3"": [12236249, 36536], ""CO"": [14516015, 36534], ""SO2"": [14516016, 36540], ""temperature"": [12236253], ""relative_humidity"": [12236252], ""wind_speed"": [14340984], ""wind_direction"": [14340983]}"
353715,"Transport Nagar, Moradabad - UPPCB",28.802625,78.75372800000001,CPCB,Uttar Pradesh Pollution Control Board,ok,True,True,True,True,True,True,True,True,True,True,True,True,True,False,"{""PM2.5"": [12237220, 2007707], ""PM10"": [12237219, 2007701], ""NO2"": [12237217, 2007702], ""NOx"": [14341240], ""O3"": [12237218, 2007706], ""CO"": [12237215, 2007704], ""SO2"": [12237222, 2007705], ""temperature"": [12237223], ""relative_humidity"": [12237221], ""wind_speed"": [14341242], ""wind_direction"": [14341241]}"
6935,"Urban Estate-II, Hisar - HSPCB",29.14056,75.744941,CPCB,Haryana State Pollution Control Board,ok,True,True,True,True,True,True,True,True,True,True,True,True,True,False,"{""PM2.5"": [14414782, 19946], ""PM10"": [14414781, 19947], ""NO2"": [14414778, 19921], ""NOx"": [14414779], ""O3"": [14414780, 19937], ""CO"": [14414776, 19918], ""SO2"": [14414784, 19944], ""temperature"": [14414785], ""relative_humidity"": [14414783], ""wind_speed"": [14414787], ""wind_direction"": [14414786]}"
3409519,"Vasundhara Nagar_UIT, Bhiwadi - RSPCB",28.207266,76.829265,CPCB,Rajasthan State Pollution Control Board,ok,True,True,True,True,True,True,True,True,True,True,True,True,True,False,"{""PM2.5"": [12238640], ""PM10"": [12238639], ""NO2"": [12238637], ""NOx"": [14341655], ""O3"": [12238638], ""CO"": [12238635], ""SO2"": [12238642], ""temperature"": [12238643], ""relative_humidity"": [12238641], ""wind_speed"": [14341657], ""wind_direction"": [14341656]}"
5665,"Vasundhara, Ghaziabad - UPPCB",28.6603346,77.3572563,CPCB,Uttar Pradesh Pollution Control Board,ok,True,True,True,True,True,True,True,True,True,True,True,True,True,False,"{""PM2.5"": [12235160, 15239], ""PM10"": [12235159, 15238], ""NO2"": [12235157, 15236], ""NOx"": [14340781], ""O3"": [12235158, 15237], ""CO"": [12235155, 15234], ""SO2"": [12235162, 15240], ""temperature"": [12235163], ""relative_humidity"": [12235161], ""wind_speed"": [14340783], ""wind_direction"": [14340782]}"
330021,"Vibhab Nagar, Firozabad - UPPCB",27.1594,78.3953,CPCB,Uttar Pradesh Pollution Control Board,ok,True,True,True,True,True,True,True,True,True,True,True,True,True,False,"{""PM2.5"": [12237026, 1877851], ""PM10"": [12237025, 1877855], ""NO2"": [12237023, 1877852], ""NOx"": [14341178], ""O3"": [12237024, 1877853], ""CO"": [12237021, 1877854], ""SO2"": [12237028, 1877856], ""temperature"": [12237029], ""relative_humidity"": [12237027], ""wind_speed"": [14341180], ""wind_direction"": [14341179]}"
301,"Vikas Sadan, Gurugram - HSPCB",28.4501238,77.0263051,CPCB,Haryana State Pollution Control Board,ok,True,True,True,True,True,True,True,True,True,True,True,True,True,False,"{""PM2.5"": [14258988, 1166], ""PM10"": [14258987, 506], ""NO2"": [14258985, 5409], ""NOx"": [14341789], ""O3"": [14258986, 5407], ""CO"": [14258983, 5396], ""SO2"": [14258990, 5405], ""temperature"": [14258991], ""relative_humidity"": [14258989], ""wind_speed"": [14341791], ""wind_direction"": [14341790]}"
6938,"Vivek Vihar, Delhi - DPCC",28.672342,77.31526,CPCB,Delhi Pollution Control Committee,ok,True,True,True,True,True,True,True,True,True,True,True,True,True,False,"{""PM2.5"": [12235133, 19934], ""PM10"": [12235132, 19933], ""NO2"": [12235130, 19929], ""NOx"": [14340778], ""O3"": [12235131, 19932], ""CO"": [12235128, 19926], ""SO2"": [12235135, 19938], ""temperature"": [12235136], ""relative_humidity"": [12235134], ""wind_speed"": [14340780], ""wind_direction"": [14340779]}"
8915,"Wazirpur, Delhi - DPCC",28.699793,77.165453,CPCB,Delhi Pollution Control Committee,ok,True,True,True,True,True,True,True,True,True,True,True,True,True,False,"{""PM2.5"": [12235124, 34731], ""PM10"": [12235123, 26026], ""NO2"": [12235121, 34732], ""NOx"": [14340775], ""O3"": [12235122, 34730], ""CO"": [12235119, 34728], ""SO2"": [12235126, 34729], ""temperature"": [12235127], ""relative_humidity"": [12235125], ""wind_speed"": [14340777], ""wind_direction"": [14340776]}"
6985,"Yamunapuram, Bulandshahr - UPPCB",28.406963,77.849831,CPCB,Uttar Pradesh Pollution Control Board,ok,True,True,True,True,True,True,True,True,True,True,True,True,True,False,"{""PM2.5"": [12235205, 20216], ""PM10"": [12235204, 20217], ""NO2"": [12235202, 20219], ""NOx"": [14340790], ""O3"": [12235203, 20218], ""CO"": [12235200, 20220], ""SO2"": [12235207, 20215], ""temperature"": [12235208], ""relative_humidity"": [12235206], ""wind_speed"": [14340792], ""wind_direction"": [14340791]}"
5509,"Anand Vihar, Delhi - DPCC",28.647622000000002,77.315809,caaqm,Unknown Governmental Organization,ok,True,True,True,False,True,True,True,False,False,False,False,False,True,False,"{""PM2.5"": [14521], ""PM10"": [14522], ""NO2"": [14523], ""O3"": [14524], ""CO"": [14519], ""SO2"": [14520]}"
10487,"Anand Vihar, Delhi - DPCC",28.646835,77.316032,caaqm,Unknown Governmental Organization,ok,True,True,True,False,True,True,True,False,False,False,False,False,True,False,"{""PM2.5"": [34771], ""PM10"": [34780], ""NO2"": [34784], ""O3"": [34783], ""CO"": [34787], ""SO2"": [34770]}"
5762,"Ashok Vihar, Delhi - DPCC",28.6957202,77.1812947,caaqm,Unknown Governmental Organization,ok,True,True,True,False,True,True,True,False,False,False,False,False,True,False,"{""PM2.5"": [15602], ""PM10"": [15605], ""NO2"": [15584], ""O3"": [15573], ""CO"": [15583], ""SO2"": [15579]}"
16,Civil Lines,28.6787,77.2262,CPCB,Unknown Governmental Organization,ok,True,True,True,False,False,True,False,False,False,False,False,False,True,False,"{""PM2.5"": [34], ""PM10"": [31], ""NO2"": [32], ""CO"": [33]}"
13,"Delhi Technological University, Delhi - CPCB",28.744,77.12,CPCB,Unknown Governmental Organization,ok,True,False,True,False,True,False,False,False,False,False,False,False,True,False,"{""PM2.5"": [13864], ""NO2"": [13866], ""O3"": [24]}"
5744,"Dr. Karni Singh Shooting Range, Delhi - DPCC",28.4997315,77.2649067,caaqm,Unknown Governmental Organization,ok,True,True,True,False,True,True,True,False,False,False,False,False,True,False,"{""PM2.5"": [15589], ""PM10"": [15588], ""NO2"": [15505], ""O3"": [15507], ""CO"": [15510], ""SO2"": [15509]}"
5760,"Dwarka-Sector 8, Delhi - DPCC ",28.5206826,76.8023871,caaqm,Unknown Governmental Organization,ok,True,True,True,False,True,True,True,False,False,False,False,False,True,False,"{""PM2.5"": [15570], ""PM10"": [15569], ""NO2"": [15593], ""O3"": [15592], ""CO"": [15594], ""SO2"": [15590]}"
7434,"East Arjun Nagar, Delhi - CPCB",28.655601699999995,77.2859318,caaqm,Unknown Governmental Organization,ok,False,False,True,False,True,False,True,False,False,False,False,False,True,False,"{""NO2"": [21624], ""O3"": [21625], ""SO2"": [21623]}"
8092,"East Arjun Nagar, Delhi - CPCB",28.655935,77.294904,caaqm,Unknown Governmental Organization,ok,False,False,True,False,True,False,True,False,False,False,False,False,True,False,"{""NO2"": [23669], ""O3"": [23465], ""SO2"": [34750]}"
15,IGI Airport,28.56,77.094,CPCB,Unknown Governmental Organization,ok,True,True,True,False,True,True,False,False,False,False,False,False,True,False,"{""PM2.5"": [30], ""PM10"": [26], ""NO2"": [28], ""O3"": [29], ""CO"": [27]}"
431,"IHBAS, Delhi - CPCB",28.6821,77.305,CPCB,Unknown Governmental Organization,ok,True,False,True,False,False,True,True,False,False,False,False,False,True,False,"{""PM2.5"": [13868], ""NO2"": [747], ""CO"": [5361], ""SO2"": [13867]}"
10489,"ITO, Delhi - CPCB",28.628624,77.24106,caaqm,Unknown Governmental Organization,ok,True,True,True,False,True,True,True,False,False,False,False,False,True,False,"{""PM2.5"": [35016], ""PM10"": [34793], ""NO2"": [34821], ""O3"": [34816], ""CO"": [34823], ""SO2"": [35015]}"
103,"Income Tax Office, Delhi - CPCB",28.623499999999996,77.2494,CPCB,Unknown Governmental Organization,ok,True,True,True,False,True,True,False,False,False,False,False,False,True,False,"{""PM2.5"": [13861], ""PM10"": [13862], ""NO2"": [13863], ""O3"": [168], ""CO"": [169]}"
5761,"Jahangirpuri, Delhi - DPCC",28.7258373,77.1605631,caaqm,Unknown Governmental Organization,ok,True,True,True,False,True,True,True,False,False,False,False,False,True,False,"{""PM2.5"": [15621], ""PM10"": [15623], ""NO2"": [15572], ""O3"": [15577], ""CO"": [15578], ""SO2"": [15585]}"
5754,"Jawaharlal Nehru Stadium, Delhi - DPCC",28.5828503,77.2321778,caaqm,Unknown Governmental Organization,ok,True,True,True,False,True,True,True,False,False,False,False,False,True,False,"{""PM2.5"": [15620], ""PM10"": [15619], ""NO2"": [15547], ""O3"": [15550], ""CO"": [15548], ""SO2"": [15552]}"
5601,"Lajpat Nagar, Moradabad - UPPCB",28.825341,78.7213009,caaqm,Unknown Governmental Organization,ok,True,True,True,False,True,True,True,False,False,False,False,False,True,False,"{""PM2.5"": [15207], ""PM10"": [15202], ""NO2"": [15190], ""O3"": [15194], ""CO"": [15189], ""SO2"": [14819]}"
346,"MD University, Rohtak - HSPCB",28.876028,76.619464,CPCB,Unknown Governmental Organization,ok,True,True,True,False,True,True,True,False,False,False,False,False,True,False,"{""PM2.5"": [14306], ""PM10"": [13545], ""NO2"": [593], ""O3"": [612], ""CO"": [614], ""SO2"": [613]}"
5552,"MD University, Rohtak - HSPCB",28.870083,76.6205,caaqm,Unknown Governmental Organization,ok,True,False,True,False,True,True,True,False,False,False,False,False,True,False,"{""PM2.5"": [14660], ""NO2"": [14668], ""O3"": [14667], ""CO"": [14670], ""SO2"": [14669]}"
5755,"Major Dhyan Chand National Stadium, Delhi - DPCC",28.6125027,77.2351994,caaqm,Unknown Governmental Organization,ok,True,True,True,False,True,True,True,False,False,False,False,False,True,False,"{""PM2.5"": [15551], ""PM10"": [15549], ""NO2"": [15574], ""O3"": [15586], ""CO"": [15582], ""SO2"": [15587]}"
236,"Mandir Marg, Delhi - DPCC",28.6341,77.2005,CPCB,Unknown Governmental Organization,ok,True,True,True,False,True,True,True,False,False,False,False,False,True,False,"{""PM2.5"": [388], ""PM10"": [391], ""NO2"": [389], ""O3"": [390], ""CO"": [386], ""SO2"": [387]}"
5641,"Mandir Marg, New Delhi - DPCC",28.6372688,77.2005604,caaqm,Unknown Governmental Organization,ok,True,True,True,False,True,True,True,False,False,False,False,False,True,False,"{""PM2.5"": [15014], ""PM10"": [15022], ""NO2"": [15025], ""O3"": [15023], ""CO"": [15028], ""SO2"": [15013]}"
10906,"Murthal, Sonipat - HSPCB",29.027199999999997,77.0621,caaqm,Unknown Governmental Organization,ok,True,True,True,False,True,True,True,False,False,False,False,False,True,False,"{""PM2.5"": [36556], ""PM10"": [36557], ""NO2"": [36567], ""O3"": [36565], ""CO"": [36568], ""SO2"": [36553]}"
6314,"NISE Gwal Pahari, Gurugram - IMD",28.4228859,76.8496963,caaqm,Unknown Governmental Organization,ok,True,True,True,False,False,True,False,False,False,False,False,False,True,False,"{""PM2.5"": [17564], ""PM10"": [17563], ""NO2"": [17562], ""CO"": [17561]}"
5763,"Narela, Delhi - DPCC",28.8446874,77.0332666,caaqm,Unknown Governmental Organization,ok,True,True,True,False,True,True,True,False,False,False,False,False,True,False,"{""PM2.5"": [15606], ""PM10"": [15609], ""NO2"": [15581], ""O3"": [15580], ""CO"": [15576], ""SO2"": [15575]}"
5766,"Nehru Nagar, Delhi - DPCC",28.5639543,77.2587868,caaqm,Unknown Governmental Organization,ok,True,True,True,False,True,True,True,False,False,False,False,False,True,False,"{""PM2.5"": [15626], ""PM10"": [15625], ""NO2"": [15612], ""O3"": [15616], ""CO"": [15607], ""SO2"": [15608]}"
6979,"New Collectorate, Baghpat - UPPCB",28.974801000000003,77.21335699999999,caaqm,Unknown Governmental Organization,ok,True,True,True,False,True,True,True,False,False,False,False,False,True,False,"{""PM2.5"": [20188], ""PM10"": [20184], ""NO2"": [20183], ""O3"": [20178], ""CO"": [20193], ""SO2"": [20202]}"
5765,"Okhla Phase-2, Delhi - DPCC",28.5366411,77.2664587,caaqm,Unknown Governmental Organization,ok,True,True,True,False,True,True,True,False,False,False,False,False,True,False,"{""PM2.5"": [15627], ""PM10"": [15624], ""NO2"": [15600], ""O3"": [15598], ""CO"": [15597], ""SO2"": [15599]}"
5742,"Patparganj, Delhi - DPCC",28.6310495,77.2846218,caaqm,Unknown Governmental Organization,ok,True,True,True,False,True,False,True,False,False,False,False,False,True,False,"{""PM2.5"": [15629], ""PM10"": [15628], ""NO2"": [15498], ""O3"": [15500], ""SO2"": [15499]}"
5540,"Punjabi Bagh, Delhi - DPCC",28.6670856,77.1301247,caaqm,Unknown Governmental Organization,ok,True,True,True,False,True,True,True,False,False,False,False,False,True,False,"{""PM2.5"": [14617], ""PM10"": [14612], ""NO2"": [14613], ""O3"": [14614], ""CO"": [14616], ""SO2"": [14615]}"
6357,"Punjabi Bagh, Delhi - DPCC",28.674045000000003,77.13102300000001,caaqm,Unknown Governmental Organization,ok,True,True,True,False,True,True,True,False,False,False,False,False,True,False,"{""PM2.5"": [17776], ""PM10"": [17768], ""NO2"": [17771], ""O3"": [17774], ""CO"": [17769], ""SO2"": [17778]}"
5581,"Pusa, New Delhi - IMD",28.610304,77.0996943,caaqm,Unknown Governmental Organization,ok,True,True,True,False,True,True,False,False,False,False,False,False,True,False,"{""PM2.5"": [14853], ""PM10"": [14851], ""NO2"": [14800], ""O3"": [14752], ""CO"": [15266]}"
7044,"R K Puram, Delhi - DPCC",28.563262000000005,77.186937,caaqm,Unknown Governmental Organization,ok,True,True,True,False,True,True,True,False,False,False,False,False,True,False,"{""PM2.5"": [20411], ""PM10"": [20407], ""NO2"": [20409], ""O3"": [20406], ""CO"": [20410], ""SO2"": [20408]}"
5639,"R K Puram, New Delhi - DPCC",28.5646102,77.1670103,caaqm,Unknown Governmental Organization,ok,True,True,True,False,True,True,True,False,False,False,False,False,True,False,"{""PM2.5"": [15071], ""PM10"": [15059], ""NO2"": [15030], ""O3"": [15042], ""CO"": [15008], ""SO2"": [15092]}"
10695,"Ratanpura, Rupnagar - Ambuja Cements",30.032545399999997,76.5623046,caaqm,Unknown Governmental Organization,ok,True,True,True,False,False,True,True,False,False,False,False,False,True,False,"{""PM2.5"": [35765], ""PM10"": [35666], ""NO2"": [35653], ""CO"": [35625], ""SO2"": [35842]}"
10905,"Rishi Nagar, Kaithal - HSPCB",29.8006,76.4155,caaqm,Unknown Governmental Organization,ok,True,True,True,False,True,True,True,False,False,False,False,False,True,False,"{""PM2.5"": [36601], ""PM10"": [36552], ""NO2"": [36577], ""O3"": [36576], ""CO"": [36578], ""SO2"": [36682]}"
5743,"Rohini, Delhi - DPCC",28.7407056,77.0577492,caaqm,Unknown Governmental Organization,ok,True,True,True,False,True,True,True,False,False,False,False,False,True,False,"{""PM2.5"": [15618], ""PM10"": [15622], ""NO2"": [15508], ""O3"": [15506], ""CO"": [15503], ""SO2"": [15504]}"
5617,"Sector- 16A, Faridabad - HSPCB",28.4088421,77.3099081,caaqm,Unknown Governmental Organization,ok,True,True,True,False,True,True,True,False,False,False,False,False,True,False,"{""PM2.5"": [14930], ""PM10"": [17547], ""NO2"": [14887], ""O3"": [15229], ""CO"": [17865], ""SO2"": [15107]}"
2587,"Sector16A, Faridabad - HSPCB",28.410122219999998,77.313775,CPCB,Unknown Governmental Organization,ok,True,True,True,False,True,True,True,False,False,False,False,False,True,False,"{""PM2.5"": [13900], ""PM10"": [40563], ""NO2"": [5341], ""O3"": [5344], ""CO"": [5347], ""SO2"": [13901]}"
2503,"Shadipur, Delhi - CPCB",28.651699999999998,77.1581,CPCB,Unknown Governmental Organization,ok,True,False,True,False,True,True,True,False,False,False,False,False,True,False,"{""PM2.5"": [13860], ""NO2"": [4852], ""O3"": [4853], ""CO"": [4851], ""SO2"": [13859]}"
7281,"Shyam Nagar, Palwal - HSPCB",28.1485564,77.3320667,caaqm,Unknown Governmental Organization,ok,True,True,True,False,True,True,True,False,False,False,False,False,True,False,"{""PM2.5"": [20962], ""PM10"": [20957], ""NO2"": [20951], ""O3"": [20952], ""CO"": [20953], ""SO2"": [20958]}"
5759,"Sonia Vihar, Delhi - DPCC",28.67795,77.29868,caaqm,Unknown Governmental Organization,ok,True,True,True,False,True,True,True,False,False,False,False,False,True,False,"{""PM2.5"": [15595], ""PM10"": [15591], ""NO2"": [15567], ""O3"": [15566], ""CO"": [15568], ""SO2"": [15565]}"
2597,US Diplomatic Post: New Delhi,28.598096,77.189066,StateAir NewDelhi,Unknown Governmental Organization,ok,True,False,False,False,False,False,False,False,False,False,False,False,True,False,"{""PM2.5"": [5398]}"
2345,VK Industrial Area Jaipur - RSPCB,26.9738778,75.7738777777777,CPCB,Unknown Governmental Organization,ok,True,True,True,False,True,True,True,False,False,False,False,False,True,False,"{""PM2.5"": [4922], ""PM10"": [4924], ""NO2"": [4926], ""O3"": [4925], ""CO"": [4298], ""SO2"": [4921]}"
5753,"Vivek Vihar, Delhi - DPCC",28.6687803,77.3130982,caaqm,Unknown Governmental Organization,ok,True,True,True,False,True,True,True,False,False,False,False,False,True,False,"{""PM2.5"": [15604], ""PM10"": [15615], ""NO2"": [15544], ""O3"": [15543], ""CO"": [15545], ""SO2"": [15546]}"
4712609,Air Check,28.623056,77.234167,AirGradient,AirGradient,ok,True,False,False,False,False,False,False,True,True,False,False,True,False,False,"{""PM2.5"": [15289075], ""temperature"": [15289077], ""relative_humidity"": [15289076]}"
6145551,Anand Lok,28.5587,77.21886,AirGradient,AirGradient,ok,True,False,False,False,False,False,False,True,True,False,False,True,False,False,"{""PM2.5"": [14745878], ""temperature"": [14745880], ""relative_humidity"": [14745879]}"
4916349,CURAJ,26.6236,75.0273,AirGradient,Jai Prakash,ok,True,False,False,False,False,False,False,True,True,False,False,True,False,False,"{""PM2.5"": [13478101], ""temperature"": [13478103], ""relative_humidity"": [13478102]}"
6257818,"Cantonment Area, Delhi - DPCC",28.594169,77.1251,N/A,OpenAQ admin,ok,True,True,True,True,True,True,True,True,True,True,True,True,False,False,"{""PM2.5"": [15578291], ""PM10"": [15578290], ""NO2"": [15578287], ""NOx"": [15578288], ""O3"": [15578289], ""CO"": [15578285], ""SO2"": [15578293], ""temperature"": [15578294], ""relative_humidity"": [15578292], ""wind_speed"": [15578296], ""wind_direction"": [15578295]}"
6254665,"Commonwealth Sports Complex, Delhi - DPCC",28.615828,77.271992,N/A,OpenAQ admin,ok,True,True,True,True,True,True,True,True,True,True,True,True,False,False,"{""PM2.5"": [15554728], ""PM10"": [15554727], ""NO2"": [15554724], ""NOx"": [15554725], ""O3"": [15554726], ""CO"": [15554722], ""SO2"": [15554730], ""temperature"": [15554731], ""relative_humidity"": [15554729], ""wind_speed"": [15554733], ""wind_direction"": [15554732]}"
2860223,GK1 (Oberoi Terrace),28.5500047,77.2431058,AirGradient,Unknown Person,ok,True,True,False,False,False,False,False,True,True,False,False,True,False,False,"{""PM2.5"": [9320367], ""PM10"": [9320368], ""temperature"": [9320356], ""relative_humidity"": [9320350]}"
6311324,"Govindpuram, Ghaziabad - UPPCB",28.694528,77.494705,N/A,OpenAQ admin,ok,True,True,True,True,True,True,True,True,True,True,True,True,False,False,"{""PM2.5"": [15978433], ""PM10"": [15978432], ""NO2"": [15978429], ""NOx"": [15978430], ""O3"": [15978431], ""CO"": [15978427], ""SO2"": [15978435], ""temperature"": [15978436], ""relative_humidity"": [15978434], ""wind_speed"": [15978438], ""wind_direction"": [15978437]}"
3409409,"Govt. Girls Inter College, Kashipur - UKPCB",29.2124114,78.96117530000001,CPCB,Uttarakhand Pollution Control Board,ok,True,True,True,True,True,True,True,True,True,True,True,True,False,False,"{""PM2.5"": [12242992], ""PM10"": [12242991], ""NO2"": [12242989], ""NOx"": [14341385], ""O3"": [12242990], ""CO"": [12242987], ""SO2"": [12242994], ""temperature"": [12242995], ""relative_humidity"": [12242993], ""wind_speed"": [14341387], ""wind_direction"": [14341386]}"
6254666,"IGNOU_Maidan Garhi, Delhi - DPCC",28.493624,77.201159,N/A,OpenAQ admin,ok,True,True,True,True,True,True,True,True,True,True,True,True,False,False,"{""PM2.5"": [15554740], ""PM10"": [15554739], ""NO2"": [15554736], ""NOx"": [15554737], ""O3"": [15554738], ""CO"": [15554734], ""SO2"": [15554742], ""temperature"": [15554743], ""relative_humidity"": [15554741], ""wind_speed"": [15554745], ""wind_direction"": [15554744]}"
6148686,"IIT Delhi, Delhi - IITM",28.54246,77.191651,N/A,OpenAQ admin,ok,True,True,True,True,True,True,False,False,False,False,False,True,False,False,"{""PM2.5"": [14769474], ""PM10"": [14769473], ""NO2"": [14769470], ""NOx"": [14769471], ""O3"": [14769472], ""CO"": [14769468]}"
6254663,"JNU, Delhi - DPCC",28.540721,77.168544,N/A,OpenAQ admin,ok,True,True,True,True,True,True,True,True,True,True,True,True,False,False,"{""PM2.5"": [15554704], ""PM10"": [15554703], ""NO2"": [15554700], ""NOx"": [15554701], ""O3"": [15554702], ""CO"": [15554698], ""SO2"": [15554706], ""temperature"": [15554707], ""relative_humidity"": [15554705], ""wind_speed"": [15554709], ""wind_direction"": [15554708]}"
3409309,"Lajpat Nagar, Moradabad - UPPCB",28.825341,78.7213009,CPCB,Uttar Pradesh Pollution Control Board,ok,True,True,True,True,True,True,True,True,True,True,True,True,False,False,"{""PM2.5"": [13857029], ""PM10"": [13857028], ""NO2"": [13857026], ""NOx"": [14341754], ""O3"": [13857027], ""CO"": [13857024], ""SO2"": [13857031], ""temperature"": [13857032], ""relative_humidity"": [13857030], ""wind_speed"": [14341756], ""wind_direction"": [14341755]}"
6311325,"MIET College, Meerut - UPPCB",28.972677,77.641018,N/A,OpenAQ admin,ok,True,True,True,True,True,True,True,True,True,True,True,True,False,False,"{""PM2.5"": [15978445], ""PM10"": [15978444], ""NO2"": [15978441], ""NOx"": [15978442], ""O3"": [15978443], ""CO"": [15978439], ""SO2"": [15978447], ""temperature"": [15978448], ""relative_humidity"": [15978446], ""wind_speed"": [15978450], ""wind_direction"": [15978449]}"
3024966,NASA GSFC Rutgers Calib. N8,28.31733,76.91603,Clarity,Clarity,ok,True,False,False,False,False,False,False,False,False,False,False,True,False,False,"{""PM2.5"": [10326358]}"
6254664,"NSUT Jaffarpur, Delhi - DPCC",28.594004,76.909423,N/A,OpenAQ admin,ok,True,True,True,True,True,True,True,True,True,True,True,True,False,False,"{""PM2.5"": [15554716], ""PM10"": [15554715], ""NO2"": [15554712], ""NOx"": [15554713], ""O3"": [15554714], ""CO"": [15554710], ""SO2"": [15554718], ""temperature"": [15554719], ""relative_humidity"": [15554717], ""wind_speed"": [15554721], ""wind_direction"": [15554720]}"
3409496,"New Moti Bagh, Delhi - MHUA",28.57834,77.184,CPCB,OpenAQ admin,ok,True,False,True,True,False,True,False,True,True,True,True,True,False,False,"{""PM2.5"": [15646335], ""NO2"": [15646333], ""NOx"": [15646334], ""CO"": [15646331], ""temperature"": [15646337], ""relative_humidity"": [15646336], ""wind_speed"": [15646339], ""wind_direction"": [15646338]}"
6299494,"Prashant Garden, Khora - UPPCB",28.61119,77.34206,N/A,OpenAQ admin,ok,True,True,True,True,True,True,True,True,True,True,True,True,False,False,"{""PM2.5"": [15888918], ""PM10"": [15888917], ""NO2"": [15888914], ""NOx"": [15888915], ""O3"": [15888916], ""CO"": [15888912], ""SO2"": [15888920], ""temperature"": [15888921], ""relative_humidity"": [15888919], ""wind_speed"": [15888923], ""wind_direction"": [15888922]}"
6299603,"SRM University, Modinagar - UPPCB",28.798171,77.540243,N/A,OpenAQ admin,ok,True,True,True,True,True,True,True,True,True,True,True,True,False,False,"{""PM2.5"": [15889770], ""PM10"": [15889769], ""NO2"": [15889766], ""NOx"": [15889767], ""O3"": [15889768], ""CO"": [15889764], ""SO2"": [15889772], ""temperature"": [15889773], ""relative_humidity"": [15889771], ""wind_speed"": [15889775], ""wind_direction"": [15889774]}"
4663956,"Santushti Apartments, Vasant Kunj",28.5266,77.1493,AirGradient,Rafi,ok,True,False,False,False,False,False,False,True,True,False,False,True,False,False,"{""PM2.5"": [13273790], ""temperature"": [13273792], ""relative_humidity"": [13273791]}"
6119272,"Sector - 5, Vasundhara, Ghaziabad, Uttar Pradesh ",28.658398,77.3780531,AirGradient,AirGradient,ok,True,False,False,False,False,False,False,True,True,False,False,True,False,False,"{""PM2.5"": [14551755], ""temperature"": [14551757], ""relative_humidity"": [14551756]}"
6105800,"Sector 1, Noida extension",28.583491,77.431714,AirGradient,AirGradient,ok,True,False,False,False,False,False,False,True,True,False,False,True,False,False,"{""PM2.5"": [14453757], ""temperature"": [14453759], ""relative_humidity"": [14453758]}"
6254594,"Talkatora Garden, Delhi - DPCC",28.62181,77.1944633,N/A,OpenAQ admin,ok,True,True,True,True,True,True,True,True,True,True,True,True,False,False,"{""PM2.5"": [15554208], ""PM10"": [15554207], ""NO2"": [15554204], ""NOx"": [15554205], ""O3"": [15554206], ""CO"": [15554202], ""SO2"": [15554210], ""temperature"": [15554211], ""relative_humidity"": [15554209], ""wind_speed"": [15554213], ""wind_direction"": [15554212]}"
6125489,"Uptitude Cloud Pvt Ltd - Sector 62, GGN",28.40240847053802,77.08477464826682,AirGradient,AirGradient,ok,True,False,False,False,False,False,False,True,True,False,False,True,False,False,"{""PM2.5"": [14598776], ""temperature"": [14598778], ""relative_humidity"": [14598777]}"
6299678,"Ved Vihar-Loni, Ghaziabad - UPPCB",28.739153,77.273668,N/A,OpenAQ admin,ok,True,True,True,True,True,True,True,True,True,True,True,True,False,False,"{""PM2.5"": [15890341], ""PM10"": [15890340], ""NO2"": [15890337], ""NOx"": [15890338], ""O3"": [15890339], ""CO"": [15890335], ""SO2"": [15890343], ""temperature"": [15890344], ""relative_humidity"": [15890342], ""wind_speed"": [15890346], ""wind_direction"": [15890345]}"
6530249,"Chhatikara, Vrindavan - UPPCB",27.57194,77.62346,CPCB,OpenAQ admin,error,False,False,False,False,False,False,False,False,False,False,False,False,False,False,{}
6418671,"Dadupura, Fatehpur Sikri - UPPCB",27.097694,77.671335,CPCB,OpenAQ admin,error,False,False,False,False,False,False,False,False,False,False,False,False,False,False,{}
6487074,"Nagar Palika Parishad, Baraut - UPPCB",29.09956,77.26235,N/A,OpenAQ admin,error,False,False,False,False,False,False,False,False,False,False,False,False,False,False,{}
6404322,"New Anaj Mandi, Khairthal - RSPCB",27.8015617,76.6365217,N/A,OpenAQ admin,error,False,False,False,False,False,False,False,False,False,False,False,False,False,False,{}
6435505,"New Tehsil, Shamli - UPPCB",29.4603683,77.3410291,N/A,OpenAQ admin,error,False,False,False,False,False,False,False,False,False,False,False,False,False,False,{}
6404323,"Pali Dungra, Mathura - UPPCB",27.410954,77.550619,N/A,OpenAQ admin,error,False,False,False,False,False,False,False,False,False,False,False,False,False,False,{}
6458521,"Rajanpur, Gajraula - UPPCB",28.829109,78.248796,N/A,OpenAQ admin,error,False,False,False,False,False,False,False,False,False,False,False,False,False,False,{}
6452644,"Vigyan Nagar, Alwar - RSPCB",27.598796,76.63861,N/A,OpenAQ admin,error,False,False,False,False,False,False,False,False,False,False,False,False,False,False,{}
6458520,"Wave City, Ghaziabad - UPPCB",28.646675,77.489049,N/A,OpenAQ admin,error,False,False,False,False,False,False,False,False,False,False,False,False,False,False,{}
