station_id,station_name,latitude,longitude,district,source_provider,timestamp,PM2.5,PM10,NO2,NOx,O3,CO,SO2,temperature,relative_humidity,wind_speed,wind_direction,PM2.5_t-1h,PM2.5_t-3h,PM2.5_t-6h,PM2.5_t-12h,PM2.5_t-24h,target_PM2.5_t+72h,hour,hour_sin,hour_cos,day_of_week,month,month_sin,month_cos,day_of_year,doy_sin,doy_cos
2860223,GK1 (Oberoi Terrace),28.5500047,77.2431058,,AirGradient,2026-09-28 00:00:00+00:00,41.0,,,,,,,24.8,65.0,,,,,,,,,0.0,0.0,1.0,0.0,9.0,-1.0,-1.8369701e-16,271.0,-0.9987235,-0.05051062
2860223,GK1 (Oberoi Terrace),28.5500047,77.2431058,,AirGradient,2026-09-28 01:00:00+00:00,38.7,,,,,,,25.4,64.0,,,41.0,,,,,,1.0,0.25881904,0.9659258,0.0,9.0,-1.0,-1.8369701e-16,271.0,-0.9987235,-0.05051062
2860223,GK1 (Oberoi Terrace),28.5500047,77.2431058,,AirGradient,2026-09-28 02:00:00+00:00,43.6,,,,,,,26.2,62.0,,,38.7,,,,,,2.0,0.5,0.8660254,0.0,9.0,-1.0,-1.8369701e-16,271.0,-0.9987235,-0.05051062
2860223,GK1 (Oberoi Terrace),28.5500047,77.2431058,,AirGradient,2026-09-28 03:00:00+00:00,38.7,,,,,,,26.2,62.0,,,43.6,41.0,,,,,3.0,0.70710677,0.70710677,0.0,9.0,-1.0,-1.8369701e-16,271.0,-0.9987235,-0.05051062
2860223,GK1 (Oberoi Terrace),28.5500047,77.2431058,,AirGradient,2026-09-28 04:00:00+00:00,45.5,,,,,,,27.1,59.0,,,38.7,38.7,,,,,4.0,0.8660254,0.5,0.0,9.0,-1.0,-1.8369701e-16,271.0,-0.9987235,-0.05051062
2860223,GK1 (Oberoi Terrace),28.5500047,77.2431058,,AirGradient,2026-09-28 05:00:00+00:00,47.9,,,,,,,28.7,55.0,,,45.5,43.6,,,,,5.0,0.9659258,0.25881904,0.0,9.0,-1.0,-1.8369701e-16,271.0,-0.9987235,-0.05051062
2860223,GK1 (Oberoi Terrace),28.5500047,77.2431058,,AirGradient,2026-09-28 06:00:00+00:00,51.3,,,,,,,27.9,58.0,,,47.9,38.7,41.0,,,,6.0,1.0,6.123234e-17,0.0,9.0,-1.0,-1.8369701e-16,271.0,-0.9987235,-0.05051062
2860223,GK1 (Oberoi Terrace),28.5500047,77.2431058,,AirGradient,2026-09-28 07:00:00+00:00,54.4,,,,,,,28.5,57.0,,,51.3,45.5,38.7,,,,7.0,0.9659258,-0.25881904,0.0,9.0,-1.0,-1.8369701e-16,271.0,-0.9987235,-0.05051062
2860223,GK1 (Oberoi Terrace),28.5500047,77.2431058,,AirGradient,2026-09-28 08:00:00+00:00,37.7,,,,,,,29.8,54.0,,,54.4,47.9,43.6,,,,8.0,0.8660254,-0.5,0.0,9.0,-1.0,-1.8369701e-16,271.0,-0.9987235,-0.05051062
2860223,GK1 (Oberoi Terrace),28.5500047,77.2431058,,AirGradient,2026-09-28 09:00:00+00:00,19.1,,,,,,,30.2,53.0,,,37.7,51.3,38.7,,,,9.0,0.70710677,-0.70710677,0.0,9.0,-1.0,-1.8369701e-16,271.0,-0.9987235,-0.05051062
2860223,GK1 (Oberoi Terrace),28.5500047,77.2431058,,AirGradient,2026-09-28 10:00:00+00:00,24.0,,,,,,,27.5,58.0,,,19.1,54.4,45.5,,,,10.0,0.5,-0.8660254,0.0,9.0,-1.0,-1.8369701e-16,271.0,-0.9987235,-0.05051062
2860223,GK1 (Oberoi Terrace),28.5500047,77.2431058,,AirGradient,2026-09-28 11:00:00+00:00,25.7,,,,,,,25.9,62.0,,,24.0,37.7,47.9,,,,11.0,0.25881904,-0.9659258,0.0,9.0,-1.0,-1.8369701e-16,271.0,-0.9987235,-0.05051062
2860223,GK1 (Oberoi Terrace),28.5500047,77.2431058,,AirGradient,2026-09-28 12:00:00+00:00,30.3,,,,,,,26.0,62.0,,,25.7,19.1,51.3,41.0,,,12.0,1.2246469e-16,-1.0,0.0,9.0,-1.0,-1.8369701e-16,271.0,-0.9987235,-0.05051062
2860223,GK1 (Oberoi Terrace),28.5500047,77.2431058,,AirGradient,2026-09-28 13:00:00+00:00,33.8,,,,,,,25.4,62.0,,,30.3,24.0,54.4,38.7,,,13.0,-0.25881904,-0.9659258,0.0,9.0,-1.0,-1.8369701e-16,271.0,-0.9987235,-0.05051062
2860223,GK1 (Oberoi Terrace),28.5500047,77.2431058,,AirGradient,2026-09-28 14:00:00+00:00,37.4,,,,,,,25.0,62.0,,,33.8,25.7,37.7,43.6,,,14.0,-0.5,-0.8660254,0.0,9.0,-1.0,-1.8369701e-16,271.0,-0.9987235,-0.05051062
2860223,GK1 (Oberoi Terrace),28.5500047,77.2431058,,AirGradient,2026-09-28 15:00:00+00:00,38.2,,,,,,,25.1,63.0,,,37.4,30.3,19.1,38.7,,,15.0,-0.70710677,-0.70710677,0.0,9.0,-1.0,-1.8369701e-16,271.0,-0.9987235,-0.05051062
2860223,GK1 (Oberoi Terrace),28.5500047,77.2431058,,AirGradient,2026-09-28 16:00:00+00:00,35.7,,,,,,,25.0,62.0,,,38.2,33.8,24.0,45.5,,,16.0,-0.8660254,-0.5,0.0,9.0,-1.0,-1.8369701e-16,271.0,-0.9987235,-0.05051062
2860223,GK1 (Oberoi Terrace),28.5500047,77.2431058,,AirGradient,2026-09-28 17:00:00+00:00,42.0,,,,,,,24.7,63.0,,,35.7,37.4,25.7,47.9,,,17.0,-0.9659258,-0.25881904,0.0,9.0,-1.0,-1.8369701e-16,271.0,-0.9987235,-0.05051062
2860223,GK1 (Oberoi Terrace),28.5500047,77.2431058,,AirGradient,2026-09-28 18:00:00+00:00,42.9,,,,,,,24.4,64.0,,,42.0,38.2,30.3,51.3,,,18.0,-1.0,-1.8369701e-16,0.0,9.0,-1.0,-1.8369701e-16,271.0,-0.9987235,-0.05051062
2860223,GK1 (Oberoi Terrace),28.5500047,77.2431058,,AirGradient,2026-09-28 19:00:00+00:00,46.4,,,,,,,24.0,65.0,,,42.9,35.7,33.8,54.4,,,19.0,-0.9659258,0.25881904,0.0,9.0,-1.0,-1.8369701e-16,271.0,-0.9987235,-0.05051062
2860223,GK1 (Oberoi Terrace),28.5500047,77.2431058,,AirGradient,2026-09-28 20:00:00+00:00,48.3,,,,,,,23.8,66.0,,,46.4,42.0,37.4,37.7,,,20.0,-0.8660254,0.5,0.0,9.0,-1.0,-1.8369701e-16,271.0,-0.9987235,-0.05051062
2860223,GK1 (Oberoi Terrace),28.5500047,77.2431058,,AirGradient,2026-09-28 21:00:00+00:00,53.0,,,,,,,23.5,68.0,,,48.3,42.9,38.2,19.1,,,21.0,-0.70710677,0.70710677,0.0,9.0,-1.0,-1.8369701e-16,271.0,-0.9987235,-0.05051062
2860223,GK1 (Oberoi Terrace),28.5500047,77.2431058,,AirGradient,2026-09-28 22:00:00+00:00,56.3,,,,,,,23.5,69.0,,,53.0,46.4,35.7,24.0,,,22.0,-0.5,0.8660254,0.0,9.0,-1.0,-1.8369701e-16,271.0,-0.9987235,-0.05051062
2860223,GK1 (Oberoi Terrace),28.5500047,77.2431058,,AirGradient,2026-09-28 23:00:00+00:00,79.4,,,,,,,23.3,69.0,,,56.3,48.3,42.0,25.7,,,23.0,-0.25881904,0.9659258,0.0,9.0,-1.0,-1.8369701e-16,271.0,-0.9987235,-0.05051062
2860223,GK1 (Oberoi Terrace),28.5500047,77.2431058,,AirGradient,2026-09-29 00:00:00+00:00,92.9,,,,,,,23.2,70.0,,,79.4,53.0,42.9,30.3,41.0,,0.0,0.0,1.0,1.0,9.0,-1.0,-1.8369701e-16,272.0,-0.9994446,-0.033323526
2860223,GK1 (Oberoi Terrace),28.5500047,77.2431058,,AirGradient,2026-09-29 01:00:00+00:00,63.1,,,,,,,23.9,68.0,,,92.9,56.3,46.4,33.8,38.7,,1.0,0.25881904,0.9659258,1.0,9.0,-1.0,-1.8369701e-16,272.0,-0.9994446,-0.033323526
2860223,GK1 (Oberoi Terrace),28.5500047,77.2431058,,AirGradient,2026-09-29 02:00:00+00:00,50.2,,,,,,,25.6,63.0,,,63.1,79.4,48.3,37.4,43.6,,2.0,0.5,0.8660254,1.0,9.0,-1.0,-1.8369701e-16,272.0,-0.9994446,-0.033323526
2860223,GK1 (Oberoi Terrace),28.5500047,77.2431058,,AirGradient,2026-09-29 03:00:00+00:00,51.6,,,,,,,27.7,58.0,,,50.2,92.9,53.0,38.2,38.7,,3.0,0.70710677,0.70710677,1.0,9.0,-1.0,-1.8369701e-16,272.0,-0.9994446,-0.033323526
2860223,GK1 (Oberoi Terrace),28.5500047,77.2431058,,AirGradient,2026-09-29 04:00:00+00:00,48.9,,,,,,,30.7,51.0,,,51.6,63.1,56.3,35.7,45.5,,4.0,0.8660254,0.5,1.0,9.0,-1.0,-1.8369701e-16,272.0,-0.9994446,-0.033323526
2860223,GK1 (Oberoi Terrace),28.5500047,77.2431058,,AirGradient,2026-09-29 05:00:00+00:00,45.8,,,,,,,32.0,47.0,,,48.9,50.2,79.4,42.0,47.9,,5.0,0.9659258,0.25881904,1.0,9.0,-1.0,-1.8369701e-16,272.0,-0.9994446,-0.033323526
2860223,GK1 (Oberoi Terrace),28.5500047,77.2431058,,AirGradient,2026-09-29 06:00:00+00:00,41.0,,,,,,,32.4,45.0,,,45.8,51.6,92.9,42.9,51.3,,6.0,1.0,6.123234e-17,1.0,9.0,-1.0,-1.8369701e-16,272.0,-0.9994446,-0.033323526
2860223,GK1 (Oberoi Terrace),28.5500047,77.2431058,,AirGradient,2026-09-29 07:00:00+00:00,40.7,,,,,,,33.0,44.0,,,41.0,48.9,63.1,46.4,54.4,,7.0,0.9659258,-0.25881904,1.0,9.0,-1.0,-1.8369701e-16,272.0,-0.9994446,-0.033323526
2860223,GK1 (Oberoi Terrace),28.5500047,77.2431058,,AirGradient,2026-09-29 08:00:00+00:00,36.4,,,,,,,34.3,42.0,,,40.7,45.8,50.2,48.3,37.7,,8.0,0.8660254,-0.5,1.0,9.0,-1.0,-1.8369701e-16,272.0,-0.9994446,-0.033323526
2860223,GK1 (Oberoi Terrace),28.5500047,77.2431058,,AirGradient,2026-09-29 09:00:00+00:00,33.7,,,,,,,35.4,40.0,,,36.4,41.0,51.6,53.0,19.1,,9.0,0.70710677,-0.70710677,1.0,9.0,-1.0,-1.8369701e-16,272.0,-0.9994446,-0.033323526
2860223,GK1 (Oberoi Terrace),28.5500047,77.2431058,,AirGradient,2026-09-29 10:00:00+00:00,34.2,,,,,,,35.5,39.0,,,33.7,40.7,48.9,56.3,24.0,,10.0,0.5,-0.8660254,1.0,9.0,-1.0,-1.8369701e-16,272.0,-0.9994446,-0.033323526
2860223,GK1 (Oberoi Terrace),28.5500047,77.2431058,,AirGradient,2026-09-29 11:00:00+00:00,36.7,,,,,,,34.1,42.0,,,34.2,36.4,45.8,79.4,25.7,,11.0,0.25881904,-0.9659258,1.0,9.0,-1.0,-1.8369701e-16,272.0,-0.9994446,-0.033323526
2860223,GK1 (Oberoi Terrace),28.5500047,77.2431058,,AirGradient,2026-09-29 12:00:00+00:00,39.6,,,,,,,31.9,46.0,,,36.7,33.7,41.0,92.9,30.3,,12.0,1.2246469e-16,-1.0,1.0,9.0,-1.0,-1.8369701e-16,272.0,-0.9994446,-0.033323526
2860223,GK1 (Oberoi Terrace),28.5500047,77.2431058,,AirGradient,2026-09-29 13:00:00+00:00,45.3,,,,,,,30.5,50.0,,,39.6,34.2,40.7,63.1,33.8,,13.0,-0.25881904,-0.9659258,1.0,9.0,-1.0,-1.8369701e-16,272.0,-0.9994446,-0.033323526
2860223,GK1 (Oberoi Terrace),28.5500047,77.2431058,,AirGradient,2026-09-29 14:00:00+00:00,51.7,,,,,,,29.5,53.0,,,45.3,36.7,36.4,50.2,37.4,,14.0,-0.5,-0.8660254,1.0,9.0,-1.0,-1.8369701e-16,272.0,-0.9994446,-0.033323526
2860223,GK1 (Oberoi Terrace),28.5500047,77.2431058,,AirGradient,2026-09-29 15:00:00+00:00,56.0,,,,,,,28.6,56.0,,,51.7,39.6,33.7,51.6,38.2,,15.0,-0.70710677,-0.70710677,1.0,9.0,-1.0,-1.8369701e-16,272.0,-0.9994446,-0.033323526
2860223,GK1 (Oberoi Terrace),28.5500047,77.2431058,,AirGradient,2026-09-29 16:00:00+00:00,64.5,,,,,,,28.1,57.0,,,56.0,45.3,34.2,48.9,35.7,,16.0,-0.8660254,-0.5,1.0,9.0,-1.0,-1.8369701e-16,272.0,-0.9994446,-0.033323526
2860223,GK1 (Oberoi Terrace),28.5500047,77.2431058,,AirGradient,2026-09-29 17:00:00+00:00,68.7,,,,,,,27.6,58.0,,,64.5,51.7,36.7,45.8,42.0,,17.0,-0.9659258,-0.25881904,1.0,9.0,-1.0,-1.8369701e-16,272.0,-0.9994446,-0.033323526
2860223,GK1 (Oberoi Terrace),28.5500047,77.2431058,,AirGradient,2026-09-29 18:00:00+00:00,59.1,,,,,,,27.2,59.0,,,68.7,56.0,39.6,41.0,42.9,,18.0,-1.0,-1.8369701e-16,1.0,9.0,-1.0,-1.8369701e-16,272.0,-0.9994446,-0.033323526
2860223,GK1 (Oberoi Terrace),28.5500047,77.2431058,,AirGradient,2026-09-29 19:00:00+00:00,63.2,,,,,,,26.9,60.0,,,59.1,64.5,45.3,40.7,46.4,,19.0,-0.9659258,0.25881904,1.0,9.0,-1.0,-1.8369701e-16,272.0,-0.9994446,-0.033323526
2860223,GK1 (Oberoi Terrace),28.5500047,77.2431058,,AirGradient,2026-09-29 20:00:00+00:00,58.5,,,,,,,26.5,61.0,,,63.2,68.7,51.7,36.4,48.3,,20.0,-0.8660254,0.5,1.0,9.0,-1.0,-1.8369701e-16,272.0,-0.9994446,-0.033323526
2860223,GK1 (Oberoi Terrace),28.5500047,77.2431058,,AirGradient,2026-09-29 21:00:00+00:00,64.7,,,,,,,26.1,62.0,,,58.5,59.1,56.0,33.7,53.0,,21.0,-0.70710677,0.70710677,1.0,9.0,-1.0,-1.8369701e-16,272.0,-0.9994446,-0.033323526
2860223,GK1 (Oberoi Terrace),28.5500047,77.2431058,,AirGradient,2026-09-29 22:00:00+00:00,82.4,,,,,,,25.8,63.0,,,64.7,63.2,64.5,34.2,56.3,,22.0,-0.5,0.8660254,1.0,9.0,-1.0,-1.8369701e-16,272.0,-0.9994446,-0.033323526
2860223,GK1 (Oberoi Terrace),28.5500047,77.2431058,,AirGradient,2026-09-29 23:00:00+00:00,81.6,,,,,,,25.4,65.0,,,82.4,58.5,68.7,36.7,79.4,,23.0,-0.25881904,0.9659258,1.0,9.0,-1.0,-1.8369701e-16,272.0,-0.9994446,-0.033323526
2860223,GK1 (Oberoi Terrace),28.5500047,77.2431058,,AirGradient,2026-09-30 00:00:00+00:00,73.1,,,,,,,25.1,65.0,,,81.6,64.7,59.1,39.6,92.9,,0.0,0.0,1.0,2.0,9.0,-1.0,-1.8369701e-16,273.0,-0.99986994,-0.016126573
2860223,GK1 (Oberoi Terrace),28.5500047,77.2431058,,AirGradient,2026-09-30 01:00:00+00:00,74.7,,,,,,,25.4,65.0,,,73.1,82.4,63.2,45.3,63.1,,1.0,0.25881904,0.9659258,2.0,9.0,-1.0,-1.8369701e-16,273.0,-0.99986994,-0.016126573
2860223,GK1 (Oberoi Terrace),28.5500047,77.2431058,,AirGradient,2026-09-30 02:00:00+00:00,68.8,,,,,,,27.2,60.0,,,74.7,81.6,58.5,51.7,50.2,,2.0,0.5,0.8660254,2.0,9.0,-1.0,-1.8369701e-16,273.0,-0.99986994,-0.016126573
2860223,GK1 (Oberoi Terrace),28.5500047,77.2431058,,AirGradient,2026-09-30 03:00:00+00:00,,,,,,,,,,,,68.8,73.1,64.7,56.0,51.6,,3.0,0.70710677,0.70710677,2.0,9.0,-1.0,-1.8369701e-16,273.0,-0.99986994,-0.016126573
2860223,GK1 (Oberoi Terrace),28.5500047,77.2431058,,AirGradient,2026-09-30 04:00:00+00:00,,,,,,,,,,,,,74.7,82.4,64.5,48.9,,4.0,0.8660254,0.5,2.0,9.0,-1.0,-1.8369701e-16,273.0,-0.99986994,-0.016126573
2860223,GK1 (Oberoi Terrace),28.5500047,77.2431058,,AirGradient,2026-09-30 05:00:00+00:00,,,,,,,,,,,,,68.8,81.6,68.7,45.8,,5.0,0.9659258,0.25881904,2.0,9.0,-1.0,-1.8369701e-16,273.0,-0.99986994,-0.016126573
2860223,GK1 (Oberoi Terrace),28.5500047,77.2431058,,AirGradient,2026-09-30 06:00:00+00:00,,,,,,,,,,,,,,73.1,59.1,41.0,,6.0,1.0,6.123234e-17,2.0,9.0,-1.0,-1.8369701e-16,273.0,-0.99986994,-0.016126573
2860223,GK1 (Oberoi Terrace),28.5500047,77.2431058,,AirGradient,2026-09-30 07:00:00+00:00,,,,,,,,,,,,,,74.7,63.2,40.7,,7.0,0.9659258,-0.25881904,2.0,9.0,-1.0,-1.8369701e-16,273.0,-0.99986994,-0.016126573
2860223,GK1 (Oberoi Terrace),28.5500047,77.2431058,,AirGradient,2026-09-30 08:00:00+00:00,,,,,,,,,,,,,,68.8,58.5,36.4,,8.0,0.8660254,-0.5,2.0,9.0,-1.0,-1.8369701e-16,273.0,-0.99986994,-0.016126573
2860223,GK1 (Oberoi Terrace),28.5500047,77.2431058,,AirGradient,2026-09-30 09:00:00+00:00,,,,,,,,,,,,,,,64.7,33.7,,9.0,0.70710677,-0.70710677,2.0,9.0,-1.0,-1.8369701e-16,273.0,-0.99986994,-0.016126573
2860223,GK1 (Oberoi Terrace),28.5500047,77.2431058,,AirGradient,2026-09-30 10:00:00+00:00,,,,,,,,,,,,,,,82.4,34.2,,10.0,0.5,-0.8660254,2.0,9.0,-1.0,-1.8369701e-16,273.0,-0.99986994,-0.016126573
2860223,GK1 (Oberoi Terrace),28.5500047,77.2431058,,AirGradient,2026-09-30 11:00:00+00:00,,,,,,,,,,,,,,,81.6,36.7,,11.0,0.25881904,-0.9659258,2.0,9.0,-1.0,-1.8369701e-16,273.0,-0.99986994,-0.016126573
2860223,GK1 (Oberoi Terrace),28.5500047,77.2431058,,AirGradient,2026-09-30 12:00:00+00:00,,,,,,,,,,,,,,,73.1,39.6,,12.0,1.2246469e-16,-1.0,2.0,9.0,-1.0,-1.8369701e-16,273.0,-0.99986994,-0.016126573
2860223,GK1 (Oberoi Terrace),28.5500047,77.2431058,,AirGradient,2026-09-30 13:00:00+00:00,,,,,,,,,,,,,,,74.7,45.3,,13.0,-0.25881904,-0.9659258,2.0,9.0,-1.0,-1.8369701e-16,273.0,-0.99986994,-0.016126573
2860223,GK1 (Oberoi Terrace),28.5500047,77.2431058,,AirGradient,2026-09-30 14:00:00+00:00,,,,,,,,,,,,,,,68.8,51.7,,14.0,-0.5,-0.8660254,2.0,9.0,-1.0,-1.8369701e-16,273.0,-0.99986994,-0.016126573
2860223,GK1 (Oberoi Terrace),28.5500047,77.2431058,,AirGradient,2026-09-30 15:00:00+00:00,,,,,,,,,,,,,,,,56.0,,15.0,-0.70710677,-0.70710677,2.0,9.0,-1.0,-1.8369701e-16,273.0,-0.99986994,-0.016126573
2860223,GK1 (Oberoi Terrace),28.5500047,77.2431058,,AirGradient,2026-09-30 16:00:00+00:00,,,,,,,,,,,,,,,,64.5,,16.0,-0.8660254,-0.5,2.0,9.0,-1.0,-1.8369701e-16,273.0,-0.99986994,-0.016126573
2860223,GK1 (Oberoi Terrace),28.5500047,77.2431058,,AirGradient,2026-09-30 17:00:00+00:00,,,,,,,,,,,,,,,,68.7,,17.0,-0.9659258,-0.25881904,2.0,9.0,-1.0,-1.8369701e-16,273.0,-0.99986994,-0.016126573
2860223,GK1 (Oberoi Terrace),28.5500047,77.2431058,,AirGradient,2026-09-30 18:00:00+00:00,,,,,,,,,,,,,,,,59.1,,18.0,-1.0,-1.8369701e-16,2.0,9.0,-1.0,-1.8369701e-16,273.0,-0.99986994,-0.016126573
2860223,GK1 (Oberoi Terrace),28.5500047,77.2431058,,AirGradient,2026-09-30 19:00:00+00:00,,,,,,,,,,,,,,,,63.2,,19.0,-0.9659258,0.25881904,2.0,9.0,-1.0,-1.8369701e-16,273.0,-0.99986994,-0.016126573
2860223,GK1 (Oberoi Terrace),28.5500047,77.2431058,,AirGradient,2026-09-30 20:00:00+00:00,,,,,,,,,,,,,,,,58.5,,20.0,-0.8660254,0.5,2.0,9.0,-1.0,-1.8369701e-16,273.0,-0.99986994,-0.016126573
2860223,GK1 (Oberoi Terrace),28.5500047,77.2431058,,AirGradient,2026-09-30 21:00:00+00:00,,,,,,,,,,,,,,,,64.7,,21.0,-0.70710677,0.70710677,2.0,9.0,-1.0,-1.8369701e-16,273.0,-0.99986994,-0.016126573
2860223,GK1 (Oberoi Terrace),28.5500047,77.2431058,,AirGradient,2026-09-30 22:00:00+00:00,,,,,,,,,,,,,,,,82.4,,22.0,-0.5,0.8660254,2.0,9.0,-1.0,-1.8369701e-16,273.0,-0.99986994,-0.016126573
2860223,GK1 (Oberoi Terrace),28.5500047,77.2431058,,AirGradient,2026-09-30 23:00:00+00:00,,,,,,,,,,,,,,,,81.6,,23.0,-0.25881904,0.9659258,2.0,9.0,-1.0,-1.8369701e-16,273.0,-0.99986994,-0.016126573
